"","2014","2015","2016","2017","2018","2019","2020","2021","2022","2023","2024","2025","2026","2027","2028","2029","2030","2031","2032","2033","2034","2035","2036","2037","2038","2039","2040","2041","2042","2043","2044","2045","2046","2047","2048","2049","Standard.Deviation"
"Afghanistan",35622,35815.5218959783,36010.0951288895,36205.7254102802,36402.4184827261,36600.18012,36776.8554601103,36954.3836423569,37132.7687835549,37312.015020392,37492.1265095244,37659.1955053155,37827.008978733,37995.5702472503,38164.8826431237,38334.9495134585,38490.7741783913,38647.2322425202,38804.3262804987,38962.058877446,39120.4326289893,39265.4294938462,39410.9637783943,39557.037474538,39703.6525815648,39850.8111061725,39985.8635934498,40121.3737671283,40257.3431782852,40393.7733832543,40530.6659436438,40655.7793828157,40781.2790325838,40907.1660851353,41033.4417363373,41160.1071857486,0.000514460040230105
"Albania",3246,3247.40106200481,3248.80272874613,3250.205000485,3251.60787748254,3253.01136,3253.46665412588,3253.92201197511,3254.37743355659,3254.83291887924,3255.288467952,3254.69578967666,3254.10321930805,3253.51075682652,3252.91840221244,3252.32615544616,3250.61362936208,3248.90200501584,3247.19128193264,3245.48145963791,3243.77253765734,3241.02365103112,3238.27709390785,3235.53286431342,3232.7909602754,3230.05137982305,3226.44505872664,3222.84276405283,3219.24449130616,3215.65023599616,3212.05999363743,3207.73133387775,3203.40850753817,3199.09150675741,3194.78032368478,3190.47495048019,0.00303441366846707
"Algeria",37474,37559.0537541635,37644.3005526002,37729.7408334578,37815.3750358782,37901.2036,37969.6330399636,38038.1860271449,38106.8627846046,38175.663535806,38244.588504616,38295.6994587924,38346.8787188321,38398.1263760207,38449.4425217658,38500.827247597,38539.9415339126,38579.0955577482,38618.2893594746,38657.5229795033,38696.7964582873,38727.5501872263,38758.3283572543,38789.1309877955,38819.9580982894,38850.8097081912,38873.5496470667,38896.302895956,38919.0694626499,38941.8493549435,38964.6425806363,38976.7919702658,38988.9451481417,39001.1021154453,39013.2628733581,39025.4274230621,0.0031785910844385
"Angola",21275,21381.3280635231,21488.187532785,21595.581063642,21703.5113252238,21811.981,21910.3773689064,22009.2176152128,22108.5037413014,22208.2377585874,22308.42168756,22400.1987639815,22492.35341224,22584.8871856699,22677.801643996,22771.09835336,22855.4079251718,22940.0296516188,23024.9646884478,23110.2141956846,23195.7793376502,23272.6950595926,23349.8658291537,23427.2924920549,23504.9758968223,23582.9168947956,23653.0118922578,23723.3152315758,23793.8275319996,23864.5494146197,23935.4815023728,23998.9559466539,24062.5987186571,24126.4102647701,24190.3910325647,24254.5414707994,3.51939141473566e-05
"Argentina",41826,41891.1290653743,41956.3595460204,42021.6915998564,42087.1253850462,42152.66106,42210.5041557064,42268.4266253749,42326.4285779247,42384.5101224246,42442.6713680928,42493.0583682436,42543.5051867258,42594.0118945545,42644.578562829,42695.205262733,42738.8358886667,42782.5111011413,42826.2309457204,42869.9954680138,42913.8047136781,42950.7328040739,42987.6926717468,43024.6843440415,43061.7078483266,43098.7632119941,43128.9761545236,43159.2102768231,43189.4655937402,43219.7421201325,43250.0398708682,43273.1970809979,43296.3666901076,43319.5487048361,43342.7431318256,43365.9499777221,0.00156557362693464
"Armenia",3124,3124.54338693424,3125.08686838491,3125.63044436847,3126.17411490135,3126.71788,3126.17364166097,3125.62949805238,3125.08544915775,3124.54149496058,3123.9976354444,3122.89095647513,3121.78466954788,3120.67877452376,3119.57327126395,3118.46815962966,3117.16354882794,3115.85948380999,3114.5559643475,3113.25299021223,3111.95056117604,3110.44291699766,3108.93600322644,3107.42981950852,3105.92436549021,3104.41964081799,3102.48628520873,3100.55413364542,3098.62318537821,3096.69343965773,3094.76489573505,3092.32236853501,3089.88176908693,3087.44309586936,3085.00634736203,3082.57152204585,0.000418466151808205
"Australia",23502,23557.2513296047,23612.6325506834,23668.1439686006,23723.7858894389,23779.55862,23828.3910978651,23877.3238555937,23926.3570991156,23975.491034783,24024.7258693722,24066.909043628,24109.1662840855,24151.4977207917,24193.9034840223,24236.3837042814,24272.3887801517,24308.4473444262,24344.5594765662,24380.725256151,24416.9447628783,24448.3130866736,24479.7217091937,24511.1706822102,24542.6600575611,24574.1898871512,24601.9451032261,24629.7316673138,24657.5496148201,24685.3989811911,24713.2798019125,24737.5499524654,24761.8439379854,24786.1617818799,24810.5035075795,24834.8691385379,2.94059977733775e-05
"Austria",8450,8452.07767803372,8454.15586692495,8456.23456679931,8458.31377778244,8460.3935,8462.23706216503,8464.0810260515,8465.92539174694,8467.77015933892,8469.615328915,8470.74995333047,8471.88472974487,8473.01965817858,8474.15473865196,8475.28997118537,8475.22216778074,8475.15436491854,8475.08656259878,8475.01876082144,8474.95095958653,8473.74717462677,8472.54356065305,8471.34011764107,8470.13684556656,8468.93374440522,8466.7137201665,8464.49427787916,8462.27541739063,8460.05713854842,8457.83944120005,8454.84324397862,8451.84810816276,8448.85403337644,8445.86101924381,8442.86906538912,0.00332168409045907
"Azerbaijan",9642,9660.46109529195,9678.95753719657,9697.48939339041,9716.05673167957,9734.65961999999,9747.10757785532,9759.57145323224,9772.05126648491,9784.54703799348,9797.0587881642,9805.97745293682,9814.90423673609,9823.83914695308,9832.78219098561,9841.73337623823,9850.1435141507,9858.56083884796,9866.98535647139,9875.41707316762,9883.85599508853,9892.10511767398,9900.36112502419,9908.62402288523,9916.89381700794,9925.170513148,9931.81148444257,9938.4568992376,9945.10676050626,9951.76107122369,9958.41983436704,9962.36024904764,9966.30222289808,9970.24575653531,9974.1908505765,9978.13750563909,0.00122300576157635
"Bahamas",358,358.747952142879,359.497466946116,360.248547674501,361.001197599647,361.75542,362.401374741029,363.048482906456,363.696746555849,364.346167752454,364.9967485632,365.522288293153,366.048584720279,366.575638934106,367.103452025733,367.632025087826,368.025284372255,368.418964329678,368.813065410093,369.207588063979,369.602532742297,369.886689427519,370.171064577213,370.455658359336,370.740470941977,371.025502493355,371.240448092313,371.455518215353,371.670712934617,371.886032322287,372.101476450586,372.247226006452,372.393032651403,372.538896407802,372.684817298018,372.830795344429,0.000976731393804198
"Bangladesh",156379,156721.219931803,157064.188777986,157407.908177473,157752.379772776,158097.60521,158389.637313382,158682.208847765,158975.320809566,159268.974197043,159563.170010297,159800.848260748,160038.880546224,160277.267394079,160516.009332453,160755.106890274,160937.311192463,161119.722010069,161302.339577161,161485.164128074,161668.19589741,161798.935509126,161929.780848787,162060.732001893,162191.789054016,162322.952090795,162404.356523671,162485.801780605,162567.287882072,162648.814848553,162730.382700543,162764.21654819,162798.057430352,162831.90534849,162865.760304069,162899.622298551,0.000458063869900648
"Barbados",276,276.104800381947,276.209640557808,276.314520542692,276.419440351715,276.5244,276.588523914203,276.652662698255,276.716816355606,276.780984889705,276.845168304,276.849044027838,276.852919805934,276.856795638289,276.860671524905,276.864547465781,276.7947424092,276.724954952365,276.65518509084,276.585432820188,276.515698135974,276.370651821857,276.225681591786,276.080787405852,275.935969224165,275.791227006858,275.586838780036,275.382602024846,275.178516629033,274.974582480425,274.770799466933,274.5324347486,274.294276812571,274.056325479462,273.818580570043,273.581041905241,0.00196422501695729
"Belarus",9472,9465.55026238196,9459.10491656241,9452.66395955087,9446.22738835887,9439.7952,9432.17443046686,9424.55981319942,9416.95134323095,9409.34901559872,9401.752825344,9392.80414146971,9383.86397504367,9374.93231795887,9366.00916211604,9357.09449942362,9347.45556821057,9337.82656625441,9328.20748332679,9318.59830920994,9308.99903369659,9299.42834142595,9289.8674888975,9280.31646599488,9270.77526261215,9261.24386865372,9251.62927788149,9242.02466852827,9232.43003023183,9222.84535264069,9213.2706254141,9203.16918114393,9193.078812113,9182.99950617839,9172.93125121052,9162.87403509308,0.0233553193864211
"Belize",338,339.234118907364,340.472743878271,341.715891365438,342.963577881654,344.21582,345.334795353804,346.457408268027,347.583670567635,348.713594116036,349.8471908152,350.826858445271,351.809269412121,352.794431397841,353.782352106034,354.773039261878,355.616922646656,356.462813340581,357.310716118354,358.160635766032,359.012577081058,359.733445724327,360.455761814383,361.179528257583,361.90474796612,362.631423858035,363.245091524069,363.859797677061,364.475544074404,365.092332476465,365.71016464659,366.216367080865,366.72327018176,367.23087491911,367.739182264095,368.248193189237,0.00182898373054143
"Benin",9863,9913.33719327834,9963.93128942873,10014.7835995908,10065.8954415956,10117.26814,10166.3837905565,10215.737879701,10265.331564966,10315.1660095033,10365.2423821114,10412.978314421,10460.9340890797,10509.110718546,10557.5092199414,10606.1306150717,10652.2463319475,10698.5625610949,10745.0801743463,10791.8000473246,10838.7230594602,10882.8871570471,10927.2312082599,10971.7559463484,11016.4621075498,11061.3504311015,11103.2202453524,11145.2485467028,11187.4359350635,11229.7830126164,11272.2903838226,11311.7591190433,11351.3660498753,11391.1116601958,11430.9964355766,11471.0208632894,2.22188525425847e-05
"Bolivia (Plurinational State of)",10572,10604.1332454993,10636.3641589391,10668.6930371777,10701.1201779761,10733.64588,10765.1037353284,10796.6537864189,10828.2963034761,10860.0315574966,10891.8598202712,10922.4461651646,10953.118402138,10983.8767723919,11014.7215178046,11045.6528809334,11074.3108509978,11103.0431742269,11131.8500435301,11160.7316523175,11189.6881945008,11216.1051085715,11242.584388397,11269.1261812118,11295.7306345985,11322.3978964876,11346.4349720731,11370.5230775736,11394.662321324,11418.8528118891,11443.0946580641,11464.6181009807,11486.1820275783,11507.7865140033,11529.4316365449,11551.1174716363,0.0276558552919891
"Botswana",2097,2100.53201189058,2104.06997280738,2107.61389277046,2111.16378181672,2114.71965,2117.60049728164,2120.48526909344,2123.37397078174,2126.26660770012,2129.1631852095,2131.41108831566,2133.66136468677,2135.91401682846,2138.16904724898,2140.42645845926,2142.21287058928,2144.00077366905,2145.79016894292,2147.5810576563,2149.37344105562,2150.87590049099,2152.37941017863,2153.88397085271,2155.38958324788,2156.89624809931,2158.18883567235,2159.48219786895,2160.77633515331,2162.07124798994,2163.36693684361,2164.40867595412,2165.45091669955,2166.49365932144,2167.53690406146,2168.5806511614,0.0383204627735721
"Brazil",201700,201977.580930251,202255.543869292,202533.889342845,202812.617877357,203091.73,203312.214548442,203532.938463776,203753.902005867,203975.105434865,204196.5490112,204355.574432897,204514.723701372,204673.996913075,204833.394164532,204992.915552344,205092.854602162,205192.842374707,205292.878893732,205392.964183001,205493.098266291,205538.286869297,205583.485409423,205628.693888856,205673.912309781,205719.140674384,205713.791698573,205708.442861842,205703.094164188,205697.745605607,205692.397186097,205639.301142991,205586.218805739,205533.150170802,205480.095234643,205427.053993727,0.00153955382739152
"Brunei Darussalam",425,426.208606403104,427.42064981665,428.636140014738,429.855086799265,431.0775,432.135332671252,433.195761186547,434.258791915896,435.324431244943,436.392685575,437.318267370945,438.24581231084,439.175324558484,440.106808286502,441.040267676374,441.84355780112,442.648311000945,443.454529940625,444.262217289791,445.071375722936,445.756453660199,446.442586106481,447.129774684941,447.818021021233,448.507326743517,449.077274694677,449.647946916429,450.219344329152,450.791467854394,451.364318414873,451.827369876582,452.29089637951,452.754898410999,453.21937645889,453.684331011525,0.0755656475725151
"Bulgaria",7298,7287.68067833594,7277.37594812153,7267.08578872457,7256.81017954203,7246.5491,7235.22363114396,7223.91586260886,7212.62576673127,7201.353315891,7190.098482511,7177.92041341781,7165.76297065779,7153.62611929556,7141.50982445488,7129.41405131861,7117.2239146954,7105.05462122,7092.90613525402,7080.77842122002,7068.67144360138,7056.94099225144,7045.23000757073,7033.53845725433,7021.86630905095,7010.21353076279,6998.7071105726,6987.21957678366,6975.75089839621,6964.3010444614,6952.86998408115,6940.95370631916,6929.05785144384,6917.18238445313,6905.32727040494,6893.4924744171,0.0191934871765698
"Burkina Faso",18557,18664.9991975797,18773.6269356928,18882.8868723591,18992.7826868874,19103.31808,19209.0434996771,19315.3540462059,19422.252957913,19529.7434910471,19637.8289198784,19741.5541140435,19845.8271750808,19950.6509967722,20056.0284881845,20161.96257375,20263.8740814953,20366.3007154527,20469.2450794011,20572.7097902803,20676.6974782578,20776.5074395026,20876.7992005306,20977.575087072,21078.8374360835,21180.5885958029,21277.4678847092,21374.7902961744,21472.5578570261,21570.7726033623,21669.4365805941,21762.4204797716,21855.8033743486,21949.5869764209,22043.7730054306,22138.3631881981,0.000366660414790839
"Burundi",9070,9100.89885473277,9131.90297288602,9163.01271306164,9194.22843508318,9225.5505,9251.42105109253,9277.36414912022,9303.37999752124,9329.46880030424,9355.63076204999,9377.40265802604,9399.22522032982,9421.09856686915,9443.02281582626,9464.99808565836,9484.62266418222,9504.28793199928,9523.99397347409,9543.7408731461,9563.52871573006,9582.01039098326,9600.52778237537,9619.08095892843,9637.66998979784,9656.29494427264,9673.07708818183,9689.88839859388,9706.72892619868,9723.59872177421,9740.4978361867,9754.58077652726,9768.68407816885,9782.80777055011,9796.95188315223,9811.11644549906,0.000324220933282735
"Cambodia",14834,14867.5801388591,14901.2362940136,14934.9686375437,14968.7773419191,15002.66258,15031.8043397174,15061.0027055309,15090.2577873943,15119.5696954752,15148.938540155,15172.9190130423,15196.9374465484,15220.9939007641,15245.0884358755,15269.2211121638,15288.2297136704,15307.2619789204,15326.3179373728,15345.3976185231,15364.5010519037,15379.6512716136,15394.8164302504,15409.9965425445,15425.1916232412,15440.4016871001,15452.1801701908,15463.9676383239,15475.7640983535,15487.569557139,15499.3840215449,15507.5900013417,15515.8003257051,15524.0149969351,15532.2340173332,15540.457389202,0.00917789504245589
"Cameroon",21363,21448.0287951079,21533.3960209604,21619.1030245761,21705.1511583351,21791.54178,21871.1079152998,21950.9645656053,22031.1127916565,22111.5536580661,22192.2882333342,22268.0222644921,22344.0147477489,22420.2665651057,22496.7786015733,22573.5517451829,22646.2206716593,22719.1235344225,22792.2610865617,22865.6340835906,22939.2432834548,23008.1957820715,23077.355543282,23146.7231900919,23216.2993473793,23286.0846419007,23350.4630017521,23415.0193465797,23479.7541684531,23544.6679608028,23609.7612184231,23669.0536980266,23728.4950820644,23788.0857444883,23847.8260601892,23907.7164049996,0.00559597747058103
"Canada",35312,35371.5467373547,35431.193888561,35490.9416229472,35550.7901101269,35610.73952,35664.0668950387,35717.4741282598,35770.9613392514,35824.5286477809,35878.1761737952,35924.3400713529,35970.5633672877,36016.8461380265,36063.1884600948,36109.5904101162,36148.1452525397,36186.7412606441,36225.3784783827,36264.0569497557,36302.7767188103,36336.1139891181,36369.4818734366,36402.8803998789,36436.309596584,36469.7694917168,36500.3527612657,36530.9616777104,36561.5962625581,36592.2565373342,36622.942523582,36652.4131468247,36681.9074851918,36711.4255577668,36740.9673836487,36770.532981952,8.17307016550151e-06
"Cape Verde",513,513.936391319063,514.87449185587,515.814304730296,516.755833067914,517.69908,518.562821274862,519.428003635905,520.29462948747,521.162701237912,522.0322212996,522.774525204636,523.517884628978,524.26230107352,525.007776041294,525.754311037466,526.350215573372,526.946795524026,527.544051654963,528.141984732584,528.740595524159,529.185047277715,529.629872631034,530.075071898159,530.520645393396,530.966593431316,531.26995947024,531.573498836365,531.877211628721,532.181097946395,532.485157888529,532.656507795533,532.827912841709,532.9993730448,533.170888422555,533.34245899273,0.0751244693542266
"Central African Republic",4761,4779.12467186857,4797.31834263029,4815.58127495737,4833.91373252196,4852.31598,4869.8033851705,4887.35381371806,4904.96749277449,4922.64465029017,4940.385515037,4956.93327010332,4973.53645165344,4990.19524533763,5006.90983742798,5023.68041482052,5039.2177028155,5054.80304468697,5070.43658905645,5086.11848500509,5101.84888207513,5116.46838486215,5131.12978027804,5145.83318836739,5160.5787295188,5175.36652446583,5189.05009888009,5202.76985241478,5216.52588072682,5230.31827972608,5244.14714557598,5256.72505988377,5269.333141905,5281.97146399595,5294.64009868641,5307.33911868017,0.0159920333292264
"Chad",12459,12520.3147533556,12581.9312563685,12643.8509940458,12706.0754587031,12768.60615,12831.5697756808,12894.8438830314,12958.4300030765,13022.3296743906,13086.544443135,13147.686582161,13209.1143856863,13270.8291883746,13332.8323311258,13395.1251611041,13453.5517951681,13512.2332735525,13571.1707078329,13630.3652144337,13689.8179146484,13745.0335084453,13800.4718051164,13856.1337028968,13912.0201036439,13968.1319128532,14019.9587673191,14071.9779182825,14124.1900792335,14176.5959663093,14229.1962983044,14277.6429618476,14326.2545735129,14375.0316949052,14423.9748895415,14473.0847228574,0.000178022382936987
"Chile",17725,17751.0852097007,17777.2088080145,17803.3708514362,17829.5713965442,17855.8105,17877.0796075718,17898.3740500303,17919.6938575535,17941.0390603551,17962.409688685,17978.5110404679,17994.626825366,18010.7570563172,18026.9017462706,18043.0609081872,18054.2337601902,18065.4135307877,18076.6002242639,18087.7938449057,18098.9943970026,18105.6137853314,18112.2355945849,18118.8598256485,18125.4864794079,18132.1155567491,18134.5808539951,18137.0464864304,18139.5124541006,18141.9787570511,18144.4453953277,18143.2477038259,18142.0500913821,18140.8525579913,18139.655103648,18138.4577283472,0.000473864981409685
"China",1364775,1365489.39380709,1366204.16156484,1366919.30346899,1367634.81971539,1368350.7105,1368643.41230247,1368936.17671633,1369229.00375499,1369521.89343182,1369814.84576023,1369729.9067067,1369644.97292004,1369560.04439993,1369475.12114604,1369390.20315805,1368935.26343025,1368480.47484283,1368025.83734557,1367571.35088829,1367117.01542081,1366290.27743988,1365464.03941301,1364638.30103785,1363813.06201225,1362988.32203424,1361805.92445741,1360624.552615,1359444.20561717,1358264.88257488,1357086.58259983,1355587.76614393,1354090.60503619,1352595.09744837,1351101.24155428,1349609.0355297,0.00188106371393774
"Colombia",48770,48877.8885427918,48986.0157556198,49094.3821664676,49202.9883044869,49311.8347,49404.0964382333,49496.5307968606,49589.1380988525,49681.9186677833,49774.872827833,49851.8847550053,49929.0158354087,50006.2662533977,50083.6361936121,50161.125840977,50223.2717798944,50285.4947130511,50347.7947358372,50410.1719437611,50472.6264324495,50520.4845832532,50568.3881131616,50616.3370652031,50664.3314824471,50712.3714080036,50746.8090172064,50781.2700122004,50815.7544088663,50850.2622230957,50884.7934707908,50907.1631032934,50929.5425697841,50951.9318745862,50974.3310220247,50996.7400164266,0.00219085325821078
"Comoros",813,816.688296809481,820.393326132314,824.115163878062,827.853886300666,831.60957,835.215621017634,838.837308704699,842.474700865402,846.127865597965,849.796871295901,853.446704709275,857.112213967542,860.793466397643,864.490529615681,868.20347152817,871.85895155701,875.52982260268,879.216149467447,882.917997226423,886.635431228713,890.155681785624,893.689908959695,897.238168242952,900.800515347738,904.377006207599,907.670190080647,910.97536570044,914.292576733534,917.621867005487,920.963280501447,924.042582240019,927.132179827944,930.232107690079,933.342400366379,936.463092512287,0.000355106473472965
"Congo",4413,4434.54469389136,4456.19457106731,4477.95014504284,4499.81193183997,4521.78045,4542.29418727787,4562.90098821103,4583.60127499676,4604.39547174769,4625.2840045005,4644.60363057063,4664.00395394522,4683.48531169366,4703.0480422933,4722.69248563528,4740.79225615491,4758.9613942427,4777.2001657506,4795.50883754945,4813.8876775329,4830.73350308677,4847.63827929707,4864.60221245705,4881.62550958184,4898.70837841103,4914.34291350579,4930.02734720009,4945.76183874844,4961.54654791362,4977.38163496831,4991.7920864508,5006.24425888763,5020.73827306877,5035.27425013391,5049.85231157345,0.00123285696886743
"Congo, Dem. Rep.",73291,73593.8176325689,73897.8864217409,74203.2115369403,74509.79816895,74817.6515299999,75135.1646758741,75454.0252925087,75774.2390983361,76095.8118360567,76418.749272742,76729.5281010242,77041.5708008175,77354.8825120187,77669.468395428,77985.3336328331,78288.6672372638,78593.180695281,78898.8785960711,79205.7655466709,79513.8461720367,79805.2673105761,80097.7565181887,80391.3177093865,80685.9548130283,80981.6717723724,81257.7125734027,81534.694309859,81812.6201890915,82091.4934293829,82371.3172599864,82630.794424479,82891.088965713,83152.2034584999,83414.1404857617,83676.9026385571,0.000611469383698214
"Costa Rica",4925,4935.89503943509,4946.81418077563,4957.75747733961,4968.72498256302,4979.71675,4988.40091270211,4997.100219776,5005.81469763206,5014.5443727267,5023.2892715625,5029.93255842418,5036.58463101528,5043.24550095489,5049.9151798775,5056.59367943296,5061.45886468344,5066.32873095617,5071.20328275497,5076.08252458803,5080.96646096782,5084.2850751202,5087.60585681294,5090.92880746177,5094.25392848333,5097.58122129519,5099.48629221136,5101.3920750917,5103.29857020229,5105.2057778093,5107.11369817901,5107.68556682897,5108.25749951388,5108.8294962409,5109.40155701722,5109.97368184999,1.22927388637058e-05
"Cote d'Ivoire",21533,21624.4670045525,21716.3225389392,21808.5682535416,21901.2058057512,21994.23686,22082.8603679717,22171.8409752242,22261.1801206523,22350.8792489485,22440.9398106266,22525.4861560051,22610.3510301341,22695.535633072,22781.0411693987,22866.8688482323,22946.6190762438,23026.6474402305,23106.9549102162,23187.5424596079,23268.4110652073,23343.1790586541,23418.1873028351,23493.4365697442,23568.9276338554,23644.6612721317,23714.378989589,23784.3022739636,23854.4317313819,23924.7679697578,23995.3115987974,24059.7518957617,24124.3652495275,24189.152124845,24254.1129877129,24319.2483053811,0.00827995608259991
"Cuba",11236,11233.6844297884,11231.369336781,11229.0547208793,11226.7405819851,11224.42692,11221.4621054575,11218.4980740396,11215.5348255396,11212.5723597505,11209.6106764656,11204.8762231935,11200.1437695491,11195.4133146879,11190.6848577655,11185.9583979383,11178.4986065744,11171.0437900626,11163.593945085,11156.1490683263,11148.7091564731,11138.4334192578,11128.1671531636,11117.9103494612,11107.6629994289,11097.4250943533,11084.4329165635,11071.4559492104,11058.4941744868,11045.547574606,11032.6161318023,11017.0826593069,11001.5710573058,10986.0812950062,10970.6133416586,10955.1671665571,0.00631665296950418
"Cyprus",1153,1155.04965183108,1157.10294726374,1159.15989277511,1161.22049485381,1163.28476,1164.94814656977,1166.61391162414,1168.28205856411,1169.95259079555,1171.6255117292,1173.03742826534,1174.4510462908,1175.86636785605,1177.283395014,1178.70212982004,1179.65768538475,1180.61401560355,1181.57112110446,1182.52900251597,1183.48766046711,1184.05046505826,1184.61353728972,1185.17687728876,1185.74048518273,1186.30436109903,1186.53204412285,1186.75977084505,1186.98754127399,1187.21535541807,1187.44321328568,1187.33869988693,1187.23419568699,1187.12970068503,1187.02521488025,1186.92073827184,0.00410704422838884
"Denmark",5628,5631.5074973705,5635.01718069299,5638.52905132981,5642.04311064413,5645.55936,5648.80746252944,5652.05743381436,5655.30927492993,5658.56298695195,5661.81857095681,5664.3980088493,5666.97862189422,5669.56041062695,5672.14337558311,5674.72751729858,5676.24752976474,5677.76794937606,5679.28877624161,5680.81001047048,5682.33165217177,5682.84296999154,5683.35433382163,5683.86574366618,5684.37719952934,5684.88870141524,5684.70677333303,5684.52485107288,5684.34293463462,5684.16102401806,5683.97911922302,5683.45609689908,5682.93312270206,5682.41019662752,5681.88731867103,5681.36448882817,0.000547991619854643
"Dominican Republic",10433,10454.8178564329,10476.6813391342,10498.5905435193,10520.545565203,10542.5465,10561.1829720715,10579.8523885642,10598.5548077151,10617.2902878643,10636.058887455,10651.6058327223,10667.1755032782,10682.7679323406,10698.3831531762,10714.0211991,10726.3567418915,10738.7064871577,10751.0704512507,10763.4486505412,10775.8411014189,10784.9420771397,10794.0507392915,10803.1670943661,10812.2911488606,10821.4229092779,10827.3681556988,10833.3166684144,10839.268449219,10845.2234999082,10851.1818222784,10854.1317394153,10857.0824584936,10860.0339797312,10862.9863033461,10865.9394295567,0.00108038781455303
"Ecuador",15253,15287.7100244847,15322.4990357785,15357.3672136253,15392.3147381782,15427.34179,15457.4309257561,15487.5787466767,15517.78536722,15548.0509020674,15578.3754661241,15603.809658649,15629.285376566,15654.8026876719,15680.3616598743,15705.9623611916,15726.7022087149,15747.4694433708,15768.2641013243,15789.0862187881,15809.9358320227,15826.0606608913,15842.2019357537,15858.3596733833,15874.533890571,15890.7246041244,15902.3396225721,15913.9631307933,15925.5951349936,15937.2356413828,15948.8846561755,15956.2780807378,15963.67493267,15971.0752135609,15978.4789250001,15985.8860685778,0.000384111681670572
"Egypt",86788,87038.2379983741,87289.197514191,87540.88062782,87793.2894256286,88046.426,88264.9266067654,88483.9694560422,88703.5558934877,88923.6872680988,89144.36493222,89335.7367573006,89527.5194123361,89719.7137792813,89912.3207419839,90105.3411861893,90274.1058598363,90443.1866247904,90612.5840730814,90782.2987978479,90952.3313933395,91099.0183514771,91245.9418847894,91393.1023748223,91540.5002037372,91688.1357543116,91811.2170945515,91934.4636580909,92057.8756667241,92181.4533425431,92305.1969079382,92403.2013054029,92501.3097583514,92599.522377264,92697.839272738,92796.2605554884,3.57501888638079e-06
"El Salvador",6342,6350.79097494222,6359.59413551049,6368.40949859594,6377.23708111311,6386.0769,6395.10678447688,6404.14943717045,6413.20487613491,6422.27311944999,6431.354185221,6440.32018436276,6449.29868307121,6458.28969877211,6467.29324891548,6476.30935097569,6483.32739624584,6490.35304661278,6497.38631031775,6504.42719561095,6511.47571075149,6516.7804246883,6522.08946022457,6527.40282088099,6532.72051018111,6538.04253165136,6541.77802102052,6545.5156446494,6549.25540375741,6552.99729956463,6556.74133329188,6558.89053503492,6561.04044125414,6563.19105218047,6565.34236804489,6567.49438907848,2.59096881315014e-05
"Estonia",1338,1337.70818874254,1337.41644112769,1337.12475714157,1336.83313677029,1336.54158,1336.00118038221,1335.46099926248,1334.92103655247,1334.38129216386,1333.8417660084,1333.02445384434,1332.20764248868,1331.39133163457,1330.57552097531,1329.76021020441,1328.87874110629,1327.99785631485,1327.11755544276,1326.23783810296,1325.35870390864,1324.64489245103,1323.93146543788,1323.21842266212,1322.50576391681,1321.79348899512,1321.24846078919,1320.70365732014,1320.15907849531,1319.61472422205,1319.07059440779,1318.55311287007,1318.03583434433,1317.51875875093,1317.00188601027,1316.48521604275,0.0252576052262536
"Ethiopia",90179,90514.8408263842,90851.9323770021,91190.279309748,91529.8862998632,91870.75804,92179.7469793984,92489.7751413602,92800.8460211028,93112.9631255992,93426.1299736173,93704.1877448998,93983.0730804216,94262.7884432052,94543.3363036035,94824.7191393223,95067.5510648491,95311.0048466239,95555.0820771274,95799.7843529187,96045.1132746453,96253.3942248902,96462.1268478205,96671.312122922,96880.9510318043,97091.0445582062,97268.4599622764,97446.1995592292,97624.2639414652,97802.6537024679,97981.3694368049,98131.0190680969,98280.8972633727,98431.0043717245,98581.3407427775,98731.9067266908,0.0154954480207563
"Fiji",889,890.044783381504,891.090794628378,892.138035183652,893.186506492051,894.23621,894.934411581215,895.633158304132,896.332450594384,897.03228887794,897.7326735811,898.383483211347,899.034764644823,899.686518223562,900.338744289844,900.991443186199,901.633834395797,902.276683619141,902.919991182788,903.563757413525,904.207982638374,904.80217005399,905.396747931415,905.991716527236,906.587076098207,907.182826901254,907.692091557743,908.201642099815,908.711478687956,909.221601482744,909.732010644846,910.14828677123,910.564753377679,910.981410551355,911.398258379456,911.815296949223,7.29632284263776e-05
"Finland",5434,5437.00710596989,5440.01587603369,5443.02631111229,5446.03841212709,5449.05218,5451.38238053418,5453.71357754157,5456.0457714483,5458.37896268068,5460.71315166519,5462.04491593172,5463.37700499026,5464.70941892004,5466.04215780028,5467.37522171023,5467.67042809163,5467.96565041246,5468.26088867357,5468.55614287583,5468.85141302009,5468.54512303456,5468.23885020319,5467.93259452502,5467.62635599909,5467.32013462444,5467.0029932661,5466.6858703041,5466.36876573736,5466.05167956481,5465.7346117854,5465.7346117854,5465.7346117854,5465.7346117854,5465.7346117854,5465.7346117854,0.0067074148637392
"France",64100,64157.4586966432,64214.968898775,64272.5306525646,64330.1440042223,64387.809,64439.3653925543,64490.9630671719,64542.6020569082,64594.2823948448,64646.00411409,64693.9004236616,64741.832219672,64789.7995284133,64837.8023761967,64885.8407893532,64929.6444351646,64973.4776522871,65017.340460684,65061.232880332,65105.1549312212,65143.9114333027,65182.6910067746,65221.4936653713,65260.319422835,65299.1682929163,65333.0886016278,65367.0265305844,65400.9820889389,65434.9552858493,65468.9461304779,65499.4262651117,65529.9205902688,65560.4291125559,65590.9518385827,65621.4887749619,0.00412497924807644
"Gabon",1625,1631.00692549598,1637.03605600976,1643.08747362372,1649.16126072368,1655.2575,1660.95199600091,1666.66608247927,1672.39982683115,1678.15329668452,1683.9265599,1689.21777899054,1694.52562410275,1699.85014747876,1705.19140152486,1710.54943881202,1715.47474463802,1720.414232245,1725.36794246755,1730.33591625786,1735.31819468602,1739.97502227618,1744.64434673479,1749.32620159793,1754.02062049168,1758.72763713233,1763.12701361024,1767.53739492652,1771.95880860928,1776.39128225547,1780.83484353108,1784.92616813376,1789.02689222515,1793.13703739982,1797.25662530194,1801.38567762543,0.000319992723213187
"Gambia",1926,1935.64085444829,1945.32996750223,1955.06758072683,1964.85393689628,1974.68928,1983.94631086431,1993.24673722446,2002.59076251165,2011.97859111077,2021.4104283648,2030.24724758951,2039.12269794669,2048.03694831658,2056.99016831775,2065.98252831024,2074.35191616858,2082.7552087924,2091.19254353143,2099.66405829181,2108.16989153834,2116.01274059967,2123.88476675989,2131.78607856413,2139.71678496134,2147.67699530577,2154.98926949257,2162.32644004596,2169.6885917315,2177.07580960336,2184.48817900531,2191.25301605897,2198.03880219389,2204.84560228436,2211.67348140556,2218.52250483421,0.000264779795827301
"Georgia",4252,4246.04756552121,4240.10346393899,4234.167683588,4228.24021281924,4222.32104,4215.62859107148,4208.94674978559,4202.27549932904,4195.61482291518,4188.964703784,4181.86973815652,4174.78678946898,4167.71583736796,4160.6568615345,4153.60984168407,4146.54130206873,4139.48479156883,4132.44028971345,4125.40777606647,4118.38723022658,4111.48643624741,4104.59720527941,4097.71951794753,4090.85335490918,4083.99869685419,4077.22130616502,4070.45516254716,4063.7002473361,4056.95654189832,4050.22402763121,4043.70652647535,4037.1995130903,4030.70297059944,4024.21688215332,4017.7412309296,0.0009122311010737
"Germany",81626,81606.5637581457,81587.1321443204,81567.7051574221,81548.2827963491,81528.86506,81502.2693038999,81475.6822236747,81449.1038164944,81422.5340795297,81395.9730099522,81360.7795292945,81325.6012653734,81290.4382116096,81255.2903614265,81220.1577082507,81178.0420120659,81135.9481544483,81093.8761240737,81051.8259096238,81009.7974997863,80962.2700235599,80914.7704311335,80867.2987061482,80819.8548322542,80772.4387931119,80720.1922514425,80667.9795047304,80615.8005311157,80563.6553087528,80511.5438158101,80456.5598936218,80401.613521722,80346.7046744664,80291.8333262283,80236.9994513982,0.00241473168800791
"Ghana",26722,26832.8282729024,26944.1162009981,27055.8656906859,27168.0786562715,27280.75702,27385.3108191655,27490.2653219081,27595.6220639284,27701.3825868129,27807.5484380562,27906.7232169084,28006.2516996041,28106.1351476174,28206.3748269212,28306.9720080037,28401.2830578601,28495.908326211,28590.8488599459,28686.1057094425,28781.6799285779,28870.5256180619,28959.6455638283,29049.0406124743,29138.7116132105,29228.6594178687,29310.7966723758,29393.1647458363,29475.7642868889,29558.5959459948,29641.6603754432,29716.5706093016,29791.6701558727,29866.9594935867,29942.4391020825,30018.1094622113,0.00310897619367981
"Greece",11471,11474.04966401,11477.1001387995,11480.1514245838,11483.2035215788,11486.25643,11487.6114885027,11488.9667068645,11490.3220851044,11491.6776232411,11493.0333212937,11493.7458010176,11494.4583249098,11495.170892973,11495.8835052099,11496.5961616233,11497.3318496156,11498.0675846859,11498.8033668372,11499.5391960726,11500.275072395,11501.1029729911,11501.9309331875,11502.7589529884,11503.5870323982,11504.4151714211,11504.7372770085,11505.0593916143,11505.3815152389,11505.7036478824,11506.0257895451,11505.1511986371,11504.2766742082,11503.4022162533,11502.5278247672,11501.653499745,0.0021894016081865
"Guatemala",15926,16000.9086533367,16076.1696428749,16151.7846258436,16227.7552672668,16304.08324,16375.4224306512,16447.0737688822,16519.0386205075,16591.318357318,16663.9143571068,16731.1910626299,16798.7393823133,16866.5604127366,16934.6552549062,17003.0250142739,17066.1794384618,17129.5684374558,17193.1928825381,17257.0536482276,17321.151612291,17380.2622646988,17439.5746397927,17499.0894259771,17558.8073140059,17618.7289969901,17673.8120179039,17729.0672498321,17784.4952311735,17840.0965020102,17895.8716041128,17946.6927462529,17997.6582115388,18048.7684098231,18100.0237521222,18151.4246506195,0.00252965183969669
"Guinea",11034,11086.6135226883,11139.477922916,11192.5943969448,11245.9641467404,11299.58838,11350.8284688458,11402.3009154216,11454.0067733966,11505.9471012185,11558.1229621344,11607.6736049973,11657.4366756235,11707.4130847085,11757.6037468523,11808.0095805757,11855.6352147964,11903.4529390573,11951.4635281214,11999.6677598768,12048.0664153488,12093.5762414108,12139.2579742499,12185.112263219,12231.1397601241,12277.3411192329,12320.401573992,12363.613055162,12406.9760924394,12450.4912173787,12494.1589633986,12534.5775889876,12575.1269688994,12615.8075261245,12656.6196850218,12697.5638713227,9.39765438492151e-05
"Guinea-Bissau",1647,1653.70772206853,1660.44276261632,1667.2052329031,1673.99524464172,1680.81291,1687.41683116291,1694.0466991605,1700.70261593802,1707.38468384122,1714.093005618,1720.56774370878,1727.06693918501,1733.59068443093,1740.13907217973,1746.71219551491,1753.04854352029,1759.40787717045,1765.79027984777,1772.19583523713,1778.62462732697,1784.81019744469,1791.01727928394,1797.24594765659,1803.49627763472,1809.76834455146,1815.7837081965,1821.81906589209,1827.87448409508,1833.9500294832,1840.04576895581,1845.85298312708,1851.67852496009,1857.52245229723,1863.38482316345,1869.26569576683,0.000114042731495328
"Guyana",760,760.411474203389,760.823171184436,761.235091063756,761.647233962029,762.0596,762.536053163077,763.012804213114,763.489853336353,763.967200719156,764.444846548,764.808376379096,765.172079085892,765.5359547506,765.900003455467,766.264225282784,766.337772528695,766.411326833787,766.484888198736,766.558456624222,766.63203211092,766.395763858925,766.15956842242,765.923445778964,765.687395906123,765.451418781469,765.016147626311,764.581123986507,764.146347721308,763.711818690045,763.27753675213,762.751677726142,762.226180990018,761.70104629416,761.17627338914,760.651862025702,0.000187874205345193
"Haiti",10523,10548.0723015038,10573.2043407538,10598.3962600822,10623.6482021605,10648.96031,10672.1378254498,10695.3657868781,10718.6443040807,10741.9734870927,10765.3534461883,10785.7517003721,10806.1886052862,10826.6642341664,10847.1786603871,10867.7319574615,10885.410487084,10903.1177743545,10920.8538660529,10938.6188090354,10956.4126502344,10971.3601820487,10986.3281063687,11001.3164510153,11016.3252438475,11031.354512762,11043.5282921539,11055.7155060614,11067.9161693103,11080.1302967429,11092.3579032176,11101.7040902115,11111.0581521056,11120.4200955351,11129.7899271408,11139.1676535692,0.00133580907327431
"Honduras",8231,8260.30692379953,8289.71819649745,8319.23418963368,8348.85527607106,8378.58183,8405.07441085456,8431.65075968496,8458.3111413606,8485.05582158837,8511.88506691531,8535.51864602697,8559.21784468791,8582.98284509336,8606.81382994442,8630.71098244945,8651.58241995203,8672.50433034199,8693.47683567668,8714.50005830862,8735.57412088621,8753.80760883544,8772.07915496816,8790.38883872201,8808.73673970046,8827.1229376731,8842.70945834105,8858.32350095791,8873.96511412066,8889.63434651207,8905.33124690088,8918.31293801241,8931.31355310323,8944.33311975966,8957.37166560823,8970.42921831572,0.00055602239244657
"Hungary",9921,9917.86298077686,9914.72695347888,9911.59191779243,9908.45787340395,9905.32482,9901.93487939851,9898.54609895052,9895.15847825899,9891.772016927,9888.3867145578,9884.40838323304,9880.43165248485,9876.45652166929,9872.48299014266,9868.51105726154,9863.76961798486,9859.03045678705,9854.29357257357,9849.55896425041,9844.82663072411,9840.0965709017,9835.36878369076,9830.64326799939,9825.92002273621,9821.19904681037,9817.18872383921,9813.18003841662,9809.17298987391,9805.1675775427,9801.16380075488,9797.90765157156,9794.6525841483,9791.39859812571,9788.14569314453,9784.89386884562,0.00785264610988357
"Iceland",337,337.710761557347,338.423022171048,339.13678500274,339.852053220728,340.56883,341.20332511727,341.839002327609,342.475863833312,343.113911840774,343.7531485605,344.295253524217,344.838213397316,345.382029528004,345.926703266616,346.472235965613,346.920793977877,347.369932712835,347.819652922316,348.269955359122,348.720840777031,349.095259517239,349.470080267815,349.845303460392,350.22092952707,350.596958900411,350.910532354315,351.2243862679,351.538520892007,351.852936477705,352.167633276285,352.423638840074,352.679830505147,352.936208406789,353.192772680383,353.44952346141,0.00510614052559784
"India",1291779,1294782.59553623,1297793.17491889,1300810.75438654,1303835.35021552,1306866.97872,1309504.02743699,1312146.39729688,1314794.09903688,1317447.14341586,1320105.54121443,1322384.0847486,1324666.56112032,1326952.97711778,1329243.33954091,1331537.65520135,1333465.45763784,1335396.05114991,1337329.43977849,1339265.62757035,1341204.61857811,1342780.84838316,1344358.9306277,1345938.86748877,1347520.661146,1349104.31378154,1350332.45881752,1351561.72188434,1352792.1039998,1354023.6061826,1355256.22945238,1356144.11339809,1357032.579033,1357921.62673818,1358811.25689498,1359701.46988499,1.01639690107303e-05
"Indonesia",249563,249976.401832702,250390.488466737,250805.261036482,251220.720678191,251636.86853,251985.675437251,252334.965843836,252684.74041996,253034.999836755,253385.744766283,253671.930236835,253958.438938371,254245.271235962,254532.427495093,254819.90808166,255042.232397336,255264.750685696,255487.463115975,255710.369857558,255933.471079977,256089.400379457,256245.424679978,256401.544039422,256557.758515702,256714.068166771,256802.829832518,256891.622188571,256980.445245542,257069.299014045,257158.1835047,257183.380068641,257208.579101361,257233.780603102,257258.984574107,257284.191014617,0.00362250783801364
"Iran (Islamic Republic of)",77176,77297.2478028688,77418.6860928022,77540.3151690661,77662.1353313964,77784.14688,77863.4802859325,77942.8946053873,78022.3899208893,78101.966315048,78181.6238705568,78230.0364828793,78278.479073871,78326.9516620954,78375.4542661281,78423.9869045556,78456.2709960177,78488.5683775789,78520.8790547103,78553.2030328852,78585.5403175789,78606.7469649649,78627.9593350563,78649.1774293973,78670.4012495327,78691.6307970076,78695.0929241089,78698.5552035304,78702.0176352788,78705.4802193607,78708.942955783,78685.3160925223,78661.6963215772,78638.0836408188,78614.4780481188,78590.8795413493,0.00409829263372732
"Iraq",35872,36075.6515295015,36280.4592238521,36486.429646799,36693.5693993531,36901.88512,37099.9765689037,37299.1313841368,37499.3552739112,37700.6539770807,37903.0332633055,38087.0386796918,38271.9373753316,38457.7336867703,38644.4319716054,38832.0366085891,39008.66159735,39186.0899533658,39364.3253307003,39543.3714000371,39723.2318487563,39891.1854442194,40059.8491634291,40229.2260088562,40399.3189956658,40570.1311517717,40729.0520955985,40888.5955630816,41048.7639927652,41209.5598327453,41370.9855407077,41520.5730075232,41670.7013464,41821.3725130005,41972.5884700584,42124.351187404,0.00193853442672783
"Ireland",4682,4691.08520864474,4700.18804672478,4709.30854844925,4718.44674809366,4727.60268,4735.22730760205,4742.86423212286,4750.51347339476,4758.17505128209,4765.8489856812,4772.45517600153,4779.0705235047,4785.69504088395,4792.32874085012,4798.97163613169,4805.13685039697,4811.30998508142,4817.49105036036,4823.68005642218,4829.87701346838,4835.89932272321,4841.92914111517,4847.96647800728,4854.01134277428,4860.06374480256,4865.83350492247,4871.6101147739,4877.39358248871,4883.1839162084,4888.98112408413,4894.16222902704,4899.34882465354,4904.54091678239,4909.73851123852,4914.94161385302,1.71914574953713e-05
"Israel",7942,7964.86796159327,7987.80176852366,8010.80161038431,8033.86767731425,8057.00016,8077.77647736106,8098.60636991817,8119.48997582389,8140.42743358704,8161.4188820736,8180.84826687983,8200.32390601993,8219.84590960876,8239.41438802327,8259.02945190321,8277.61105835332,8296.23447069604,8314.8997829885,8333.60708949944,8352.35648470971,8370.08826078537,8387.85768083413,8405.66482477289,8423.50977268822,8441.39260483671,8457.92351034222,8474.48678856745,8491.08250290838,8507.71071688514,8524.37149414225,8539.45728792266,8554.56977941023,8569.70901585258,8584.87504458093,8600.06791301024,0.015670617502406
"Italy",61177,61178.9575387215,61180.9151400803,61182.8728040783,61184.8305307175,61186.78832,61179.6890053227,61172.5905143571,61165.4928470076,61158.3960031785,61151.2999827744,61140.6559518098,61130.0137735515,61119.3734476769,61108.7349738637,61098.0983517894,61085.5069548041,61072.918152716,61060.3319449902,61047.7483310921,61035.167310487,61020.8783925571,61006.5928197998,60992.3105914321,60978.031706671,60963.7561647338,60945.82227219,60927.8936553136,60909.9703125527,60892.0522423557,60874.1394431716,60850.2580501511,60826.3860259848,60802.5233669971,60778.670069514,60754.826129863,0.0116796246571649
"Jamaica",2780,2781.51067727604,2783.02217546784,2784.53449502151,2786.04763638337,2787.5616,2788.3583869857,2789.15540172224,2789.95264427472,2790.75011470826,2791.547813088,2791.32445352256,2791.10111182875,2790.87778800513,2790.65448205028,2790.43119396277,2789.107273905,2787.7839819811,2786.46131789303,2785.13928134294,2783.81787203307,2781.47552656771,2779.1351519864,2776.79674663083,2774.46030884405,2772.12583697054,2768.82469862564,2765.52749138454,2762.23421056593,2758.94485149411,2755.65940949893,2751.39701712295,2747.14121772021,2742.89200109286,2738.6493570588,2734.41327545169,0.00134544018540304
"Japan",126226,126174.963441784,126123.947519018,126072.952223358,126021.977546464,125971.02348,125888.277855003,125805.586582494,125722.94962677,125640.366952152,125557.838522986,125452.192303576,125346.634976455,125241.166466828,125135.786699963,125030.495601189,124909.482117993,124788.585760327,124667.806414829,124547.143968246,124426.598307435,124296.924642731,124167.386120027,124037.982598481,123908.7139374,123779.579996237,123648.840428663,123518.238951996,123387.775420382,123257.449688118,123127.261609656,123000.92028109,122874.708591817,122748.626408816,122622.673599199,122496.850030215,0.00321079908928242
"Jordan",6684,6705.35880247946,6726.78585726941,6748.28138247094,6769.84559688207,6791.47872,6810.59073475978,6829.7565329625,6848.97626596104,6868.25008553423,6887.578143888,6904.68435654589,6921.83305474883,6939.0243440153,6956.25833012584,6973.53511912372,6988.54712970373,7003.59145681442,7018.66817002396,7033.7773390503,7048.91903376145,7061.50566665554,7074.11477438966,7086.74639709513,7099.40057497497,7112.07734830395,7122.10550600387,7132.14780358753,7142.20426099242,7152.27489818414,7162.35973515646,7169.93579221471,7177.51986292247,7185.11195575625,7192.71207920154,7200.32024175279,0.00092885282119912
"Kazakhstan",16721,16751.62084173,16782.2977588112,16813.0308539334,16843.8202299743,16874.66599,16899.1642681886,16923.698112452,16948.2675744244,16972.8727058148,16997.5135584072,17017.1174122145,17036.7438758631,17056.3929754298,17076.0647370214,17095.7591867748,17115.4082818461,17135.0799607016,17154.7742492981,17174.4911736223,17194.2307596906,17215.8753167748,17237.5471206057,17259.2462054823,17280.9726057467,17302.7263557843,17323.8532373483,17345.0059151432,17366.1844206667,17387.3887854546,17408.6190410817,17426.5130948135,17444.4255415699,17462.3564002568,17480.3056897997,17498.2734291432,0.000221672209414297
"Kenya",45121,45346.5054549578,45573.1379396847,45800.9030868433,46029.8065572468,46259.85404,46473.3526453308,46687.8365900109,46903.3104215812,47119.7787085703,47337.2460405916,47543.9069324325,47751.4700466836,47959.9393221902,48169.3187149934,48379.6121984054,48581.8822183918,48784.9979078477,48988.9628024274,49193.7804525673,49399.4544235478,49595.7819012379,49792.8896401465,49990.7807412533,50189.4583178625,50388.9254956515,50575.8867532233,50763.5417051236,50951.8929252108,51140.9429968934,51330.6945131652,51505.9683660776,51681.8407093047,51858.3135864524,52035.3890481044,52213.0691518465,0.000144182111915451
"Korea, Dem. Rep.",24752,24771.7206469139,24791.4570058477,24811.2090893195,24830.9769098575,24850.76048,24868.9742200116,24887.2013093259,24905.441757727,24923.6955750061,24941.9627709616,24955.5662357508,24969.1771199341,24982.7954275583,24996.421162672,25010.0543293263,25017.6527673955,25025.2535139866,25032.8565698012,25040.4619355407,25048.0696119069,25050.5739180569,25053.0784745875,25055.5832815237,25058.0883388905,25060.5936467129,25060.1425397871,25059.6914409815,25059.240350296,25058.7892677305,25058.3381932847,25056.433470042,25054.5288915804,25052.6244578887,25050.720168956,25048.8160247712,0.00116888079336653
"Kuwait",3023,3024.68495463843,3026.37084843403,3028.05768191028,3029.74545559092,3031.43417,3032.45204809668,3033.47026797079,3034.48882973711,3035.50773351044,3036.5269794056,3036.7820048312,3037.03705167533,3037.2921199398,3037.54720962641,3037.80232073695,3037.10938575739,3036.41660883909,3035.72398994601,3035.03152904209,3034.33922609131,3032.63808978358,3030.93790718094,3029.2386777487,3027.5404009525,3025.84307625825,3023.27279843394,3020.70470391126,3018.1387908356,3015.57505735397,3013.01350161492,3009.80081135075,3006.59154668649,3003.38570396949,3000.18327955105,2996.98426978633,0.00122254721181238
"Kyrgyzstan",5562,5582.95486093557,5603.98866940743,5625.10172285078,5646.29431982144,5667.56676,5686.97514749432,5706.44999834427,5725.99154015133,5745.60000129638,5765.2756109424,5783.84660738344,5802.47742436595,5821.16825458274,5839.91929134728,5858.73072859578,5876.41080513774,5894.14423540443,5911.93118040306,5929.77180162672,5947.66626105587,5963.76838565267,5979.91410355232,5996.10353277502,6012.33679166049,6028.61399886884,6042.70317620641,6056.82528066754,6070.9803892046,6085.16857894978,6099.38992721556,6111.49179368123,6123.61767159292,6135.767608592,6147.94165241436,6160.13985089063,0.000206796476705103
"Lao People's Democratic Republic",6541,6558.25545021495,6575.55642107844,6592.90303267597,6610.29540540985,6627.73366,6642.35605416065,6657.01070888306,6671.69769534187,6686.41708486876,6701.1689489528,6713.9062660053,6726.66779364657,6739.45357789513,6752.263664857,6765.09810072581,6777.08389909595,6789.09093283629,6801.11923956976,6813.16885698596,6825.23982284126,6836.51873136181,6847.81627860872,6859.13249538303,6870.46741253669,6881.82106097261,6891.86667634863,6901.92695563226,6912.00192022889,6922.09159157514,6932.19599113893,6940.6465067412,6949.10732372763,6957.57845465585,6966.05991209881,6974.55170864479,0.000997174179233135
"Latvia",2218,2223.38130832499,2228.7756727723,2234.18312501867,2239.60369681769,2245.03742,2249.79020345681,2254.55304863928,2259.32597684823,2264.10900942963,2268.9021677746,2272.76878915301,2276.64199995651,2280.52181141468,2284.40823477624,2288.30128130907,2291.21373062719,2294.12988678282,2297.04975449387,2299.97333848423,2302.90064348383,2304.97412267418,2307.04946877789,2309.12668347587,2311.20576845057,2313.28672538594,2314.68688117952,2316.087884441,2317.48973568333,2318.89243541976,2320.29598416386,2321.09825159724,2321.90079642326,2322.70361873783,2323.50671863691,2324.31009621646,0.00940628654227464
"Lebanon",4356,4352.71935018525,4349.44117113799,4346.1654609974,4342.89221790408,4339.62144,4335.76970406746,4331.92138683628,4328.07648527209,4324.23499634326,4320.3969170208,4316.44083589741,4312.48837726015,4308.53953779197,4304.59431417891,4300.65270311002,4296.31751529593,4291.9866974821,4287.66024526343,4283.33815423926,4279.02042001337,4275.11940510843,4271.22194660561,4267.32804126268,4263.43768584035,4259.55087710231,4256.19759460137,4252.84695193356,4249.4989470207,4246.15357778625,4242.8108421553,4239.66650506315,4236.52449823178,4233.38481993426,4230.2474684449,4227.11244203933,0.0160892445605212
"Lesotho",2264,2266.65171705657,2269.30653994501,2271.96447230304,2274.62551777262,2277.28968,2279.43539416483,2281.58313007037,2283.73288962156,2285.88467472513,2288.0384872896,2289.5511673035,2291.06484738836,2292.57952820533,2294.09521041604,2295.61189468253,2296.41479701058,2297.21798015794,2298.02144422282,2298.82518930349,2299.62921549822,2299.7671766968,2299.90514617206,2300.04312392449,2300.1811099546,2300.31910426287,2299.88648157455,2299.45394024988,2299.02148027358,2298.58910163034,2298.15680430487,2297.19537066582,2296.23433924243,2295.27370986643,2294.31348236962,2293.35365658387,0.0189282153597885
"Liberia",4450,4458.21987694453,4466.45493734455,4474.70520924641,4482.97072074821,4491.2515,4498.05754323898,4504.87390035697,4511.70058698363,4518.53761877228,4525.3850114,4530.99162998723,4536.60519476177,4542.22571432945,4547.85319730674,4553.48765232079,4558.20439069279,4562.92601490672,4567.65253002358,4572.38394110962,4577.12025323634,4581.17753667036,4585.23841659037,4589.3028961844,4593.37097864328,4597.44266716071,4600.97725892637,4604.51456814604,4608.05459690892,4611.59734730585,4615.14282142928,4618.05591186955,4620.97084106027,4623.88761016206,4626.80622033627,4629.726672745,0.00267862683960705
"Libyan Arab Jamahiriya",6549,6581.46090234379,6614.08270103527,6646.86619357643,6679.8121814222,6712.92147,6744.81219528154,6776.85442216541,6809.04887038235,6841.39626308229,6873.8973268506,6905.18980180219,6936.62473145481,6968.20276431395,6999.92455183734,7031.79074844836,7062.15781113283,7092.65601516223,7123.28592687559,7154.04811505767,7184.94315094957,7213.95069948876,7243.0753593056,7272.31760320983,7301.67790592004,7331.1567440714,7358.48802025306,7385.92119013087,7413.4566335746,7441.09473187019,7468.83586772506,7494.53051401438,7520.31355625451,7546.18529854942,7572.14604604928,7598.19610495406,0.00184861247651004
"Lithuania",3266,3275.04879561082,3284.12266185913,3293.22166820574,3302.34588430395,3311.49538,3318.42706342583,3325.37325637971,3332.33398923325,3339.30929242165,3346.2991964438,3351.86894408266,3357.44796228789,3363.03626648986,3368.63387214467,3374.24079473411,3379.2937480498,3384.3542682046,3389.42236652991,3394.49805437411,3399.58134310256,3404.18548663684,3408.7958656853,3413.41248869288,3418.03536411591,3422.66450042223,3426.52340002173,3430.38665035619,3434.25425633088,3438.12622285658,3442.00255484962,3444.75176167454,3447.50316435436,3450.25676464296,3453.01256429562,3455.77056506902,9.72073929265138e-05
"Madagascar",23197,23179.2038133179,23161.4212794469,23143.652387913,23125.89712825,23108.15549,23090.8910281756,23073.6394648987,23056.4007905327,23039.174995448,23021.9620700223,23003.0992201317,22984.2518253575,22965.4198730369,22946.6033505171,22927.8022451559,22907.0839579514,22886.3843924465,22865.7035317236,22845.0413588805,22824.3978570302,22803.2232127757,22782.0682126564,22760.9328384481,22739.8170719435,22718.7208949522,22699.2858838998,22679.8674987682,22660.4657253346,22641.0805493883,22621.7119567308,22603.8578874792,22586.0179094595,22568.1920115502,22550.3801826388,22532.5824116212,0.00138613023655955
"Malawi",16955,17047.1769641982,17139.8550544789,17233.0369952467,17326.7255257177,17420.9234,17511.7449047183,17603.0398944253,17694.8108375675,17787.0602154606,17879.790522356,17967.5022099634,18055.6441789063,18144.2185399868,18233.2274143621,18322.6729335948,18406.2643138889,18490.2370533267,18574.5928917383,18659.333576891,18744.4608645261,18824.1934002341,18904.2650909222,18984.6773792398,19065.4317139729,19146.5295500702,19222.6609926217,19299.095153038,19375.8332350019,19452.8764469824,19530.2260022536,19602.6902506599,19675.4233678082,19748.4263512995,19821.7002024362,19895.2459262357,0.032121902701843
"Malaysia",30252,30449.727106014,30648.7465566152,30849.0667985692,31050.69633385,31253.64372,31448.5334575245,31644.6384776617,31841.9663586033,32040.5247257969,32240.3212522404,32433.3717946913,32627.5782968378,32822.9476804051,33019.4869085649,33217.2029861833,33411.4961512435,33606.9257706284,33803.4984916559,34001.2210005253,34200.1000225444,34397.4021431655,34595.8425097792,34795.4276889849,34996.1642852646,35198.0589412023,35394.3738775247,35591.7837479254,35790.2946593296,35989.9127527235,36190.6442033442,36381.3745931838,36573.1101621908,36765.8562078176,36959.6180554349,37154.4010584793,0.0335293285808944
"Maldives",334,334.947841055001,335.898371938341,336.851600283344,337.807533744994,338.76618,339.637062642965,340.510184106162,341.385550145034,342.263166529823,343.1430390456,343.927982392683,344.714721306011,345.503259892961,346.293602270306,347.085752564234,347.768899523128,348.453391077021,349.139229872395,349.826418560941,350.514959799569,351.091410322405,351.66880886528,352.247156987287,352.82645625009,353.406708217915,353.889554216464,354.373059908937,354.85722619665,355.342053982147,355.827544169208,356.236516310659,356.645958506257,357.05587129626,357.466255221548,357.877110823623,4.19450564085703e-07
"Mali",17307,17345.1148349095,17383.3136093026,17421.5965080371,17459.9637163785,17498.41542,17528.3054159965,17558.2464687225,17588.2386653905,17618.2820933625,17648.3768401494,17670.0311394075,17691.7120081728,17713.4194790458,17735.1535846668,17756.9143577163,17772.5484019964,17788.1962112436,17803.857797577,17819.5331731269,17835.2223500338,17847.1915436489,17859.1687697736,17871.1540337986,17883.1473411181,17895.1486971299,17903.6944124038,17912.2442086301,17920.7980877576,17929.356051736,17937.9181025161,17941.5400989817,17945.1628267951,17948.7862861041,17952.4104770564,17956.0353997996,8.1575714674009e-05
"Malta",421,423.363745592428,425.740762665202,428.131125732345,430.534909726243,432.95219,435.275454779612,437.611186430535,439.959451851247,442.320318299211,444.6938533928,446.982580856101,449.283087824248,451.595434923392,453.91968309171,456.255893581013,458.499486292261,460.754111646209,463.019823894775,465.296677556653,467.584727418629,469.759250424349,471.943886143391,474.138681605367,476.3436840586,478.558940971145,480.640667668619,482.7314498568,484.831326926985,486.940338441821,489.058524136052,491.03298497441,493.015417242383,495.005853122775,497.004324928324,499.010865102221,0.00013993708829875
"Mauritania",3788,3789.65769249671,3791.31611042754,3792.97525410994,3794.63512386151,3796.29572,3797.26707449805,3798.23867753564,3799.21052917635,3800.18262948379,3801.1549785216,3801.23099858043,3801.3070201596,3801.38304325914,3801.45906787908,3801.53509401945,3800.73643614292,3799.93794605503,3799.13962372053,3798.34146910418,3797.54348217073,3796.08410424053,3794.62528714233,3793.16703066062,3791.70933457995,3790.25219868497,3788.53745386039,3786.82348480208,3785.11029115908,3783.39787258058,3781.68622871594,3780.05112692623,3778.41673211158,3776.78304396632,3775.1500621849,3773.51778646191,4.61538497373544e-05
"Mauritius",1327,1332.53238523111,1338.08783548583,1343.66644692439,1349.26831610789,1354.89354,1360.17423803447,1365.47551759133,1370.79745888707,1376.14014245083,1381.5036491256,1386.56146446982,1391.63779695373,1396.73271437033,1401.84628476081,1406.97857641548,1411.81893139153,1416.67593838822,1421.54965469262,1426.44013778891,1431.34744535899,1435.93546504801,1440.53819110671,1445.15567067467,1449.78795104255,1454.43507965263,1458.72931925679,1463.03623766252,1467.35587230416,1471.68826072657,1476.03344058547,1480.0178263985,1484.0129676117,1488.01889325804,1492.0356324489,1496.06321437422,0.000211539146122437
"Mexico",118785,118882.007555195,118979.094333068,119076.260398317,119173.505815693,119270.83065,119341.355529647,119411.922110678,119482.53041775,119553.180475536,119623.872308724,119667.622632463,119711.388957111,119755.171288522,119798.969632549,119842.783995049,119857.880382022,119872.978670661,119888.078861204,119903.180953893,119918.284948966,119904.611146499,119890.938903202,119877.268218895,119863.599093402,119849.931526545,119811.314971518,119772.710859037,119734.119185093,119695.539945679,119656.973136787,119598.523459138,119540.102332812,119481.709743861,119423.345678346,119365.010122334,0.00216634334973063
"Mongolia",2930,2935.57504381619,2941.16069552096,2946.75697529843,2952.36390337111,2957.9815,2962.66980538513,2967.36554158326,2972.06872037198,2976.77935354758,2981.497452925,2985.39302152536,2989.29368000252,2993.19943500683,2997.11029319729,3001.02626124166,3004.10499285645,3007.18688292023,3010.27193467324,3013.36015135901,3016.45153622444,3018.68642913958,3020.92297788982,3023.16118370198,3025.40104780377,3027.64257142383,3029.04609571008,3030.45027062809,3031.85509647948,3033.26057356599,3034.66670218953,3035.29765044368,3035.92872988051,3036.55994052728,3037.19128241129,3037.82275555981,0.00427423053353649
"Morocco",33251,33213.7419796659,33176.5257072515,33139.351135978,33102.2182191189,33065.12691,33026.8149433328,32988.5473680509,32950.3241327189,32912.1451859607,32874.0104764602,32826.4688448589,32778.9959668627,32731.5917430417,32684.25607411,32636.9888609249,32585.1273118991,32533.3481730575,32481.6513134471,32430.0366023225,32378.5039091464,32326.2058458684,32273.9922549129,32221.8629998394,32169.8179444277,32117.8569526778,32063.910744618,32010.0551463822,31956.2900057792,31902.6151708732,31849.0304899839,31790.1472485315,31731.3728718098,31672.7071585469,31614.1499078434,31555.7009191711,0.000421064646903872
"Mozambique",25590,25659.6848634028,25729.5594876571,25799.6243895059,25869.8800870998,25940.3271,25998.1748520605,26056.1516064425,26114.2576508255,26172.49327353,26230.85876352,26277.6448051578,26324.5142955958,26371.4673836755,26418.5042185038,26465.6249494535,26508.0454684761,26550.5339813751,26593.0905971349,26635.7154249142,26678.4085740471,26721.0641210192,26763.7878690492,26806.5799271824,26849.4404046382,26892.369410811,26932.9617299467,26973.6153206033,27014.3302752661,27055.1066865604,27095.9446472508,27130.2155040258,27164.5297064615,27198.8873093815,27233.2883676783,27267.7329363144,0.000228989490831329
"Myanmar",49513,49599.7394120314,49686.630778612,49773.6743659437,49860.8704406946,49948.21927,50022.2227112276,50096.3357961902,50170.5586873361,50244.8915473547,50319.3345391761,50378.8722135721,50438.4803327524,50498.1589800672,50557.9082389651,50617.7281929934,50659.4695366221,50701.2453017831,50743.0555168618,50784.9002102669,50826.7794104305,50854.1962770641,50881.6279328421,50909.0743857419,50936.5356437454,50964.0117148387,50979.8007722869,50995.5947213112,51011.3935634269,51027.1973001499,51043.0059329966,51047.8030737766,51052.6006654031,51057.3987079184,51062.197201365,51066.9961457852,0.00198898745693415
"Namibia",2445,2455.57324702014,2466.19221737466,2476.85710879121,2487.5681198525,2498.32545,2508.82473452612,2519.3681425973,2529.955859644,2540.58807187597,2551.2649662855,2561.54502521715,2571.86650658553,2582.22957729807,2592.63440493474,2603.08115775076,2612.83186288798,2622.61909253017,2632.44298349198,2642.30367310058,2652.20129919752,2661.30460046908,2670.43914751903,2679.60504759404,2688.80240830886,2698.03133764765,2706.58366644147,2715.1631047528,2723.76973851448,2732.40365393176,2741.06493748313,2749.17422285282,2757.30749908398,2765.46483715223,2773.64630824313,2781.85198375288,0.00132679974146157
"Nepal",32060,32104.9501373101,32149.963297541,32195.039569055,32240.179040338,32285.3818,32322.4248876667,32359.5104772418,32396.6386174907,32433.8093572344,32471.02274535,32498.4468681497,32525.8941526009,32553.3646182653,32580.858284721,32608.3751715628,32625.4440812965,32642.5219257801,32659.6087096907,32676.7044377075,32693.8091145123,32702.3704075573,32710.9339424867,32719.4997198875,32728.0677403469,32736.6380044523,32738.2092122478,32739.7804954541,32741.3518540746,32742.9232881132,32744.4947975734,32740.2369060539,32735.9795682044,32731.7227839527,32727.4665532269,32723.210875955,3.9565576163784e-05
"Netherlands",16806,16854.9887580812,16904.1203162587,16953.3950907886,17002.8134991402,17052.37596,17098.9804499354,17145.7123108886,17192.5718909672,17239.5595392301,17286.6756056904,17328.7192308502,17370.8651120166,17413.1134978908,17455.4646377785,17497.9187815919,17534.5110445892,17571.1798306135,17607.9252996924,17644.7476121882,17681.6469287986,17713.2897090397,17744.9891166721,17776.7452530353,17808.5582196502,17840.4281182192,17867.7472199434,17895.108155491,17922.5109889222,17949.9557843954,17977.4426061672,18000.6096754025,18023.8065994459,18047.0334167703,18070.2901658986,18093.576885403,0.004655873264876
"New Zealand",4555,4568.81777179254,4582.67746033969,4596.5791927976,4610.52309670812,4624.5093,4637.09328500103,4649.71151291697,4662.36407692796,4675.05107046766,4687.772587224,4698.79316710351,4709.83965548832,4720.91211328726,4732.01060155234,4743.13518147911,4752.51785362477,4761.91908618105,4771.33891586339,4780.77737945982,4790.2345138312,4798.13148157776,4806.04146791441,4813.96449430303,4821.90058224086,4829.84975326059,4836.38133980195,4842.9217592522,4849.47102355639,4856.02914467575,4862.59613458769,4867.83643156325,4873.08237587444,4878.33397360724,4883.59123085421,4888.85415371447,0.000680012214908792
"Nicaragua",6128,6130.74288747261,6133.48700265927,6136.2323461095,6138.97891837307,6141.72672,6143.97294834162,6146.21999820167,6148.46786988063,6150.71656367905,6152.9660798976,6154.60189885051,6156.23815269995,6157.87484156155,6159.51196555096,6161.14952478387,6161.91331792772,6162.67720575845,6163.44118828778,6164.20526552746,6164.96943748923,6164.68582280136,6164.40222116096,6164.11863256743,6163.83505702019,6163.55149451861,6162.36763794341,6161.18400875601,6160.00060691273,6158.8174323699,6157.63448508387,6156.05732294182,6154.48056476016,6152.90421043542,6151.32825986416,6149.75271294297,0.000631350792547244
"Niger",17857,17890.6937666093,17924.451108842,17958.2721466569,17992.1570002389,18026.10579,18056.3600267557,18086.6650409146,18117.0209176993,18147.4277424754,18177.8856007518,18203.2636811033,18228.677191701,18254.1261820089,18279.6107015602,18305.1307999571,18325.6232231679,18346.1385874554,18366.6769185018,18387.2382420184,18407.8225837448,18424.6900246194,18441.5729214535,18458.4712884098,18475.3851396639,18492.3144894042,18506.4579510856,18520.6122300992,18534.7773347183,18548.9532732228,18563.1400538986,18574.7460579373,18586.3593182554,18597.9798393895,18609.6076258794,18621.2426822673,0.000598534555385679
"Nigeria",175288,175712.589092751,176138.206640945,176564.855135745,176992.537074348,177421.25496,177779.96667951,178139.403645257,178499.567323551,178860.459183666,179222.080697844,179517.538255643,179813.482891642,180109.915408817,180406.836611466,180704.247305215,180938.913956284,181173.88535081,181409.16188454,181644.743953736,181880.631955172,182055.26545072,182230.066621392,182405.035628185,182580.172632245,182755.477794877,182871.198127299,182986.991733559,183102.858660055,183218.798953212,183334.812659486,183392.709880796,183450.625386077,183508.559181101,183566.511271646,183624.481663488,0.000453597325902944
"Norway",5022,5056.95526991522,5092.15384347337,5127.59741417199,5163.28768729603,5199.22638,5234.19086569277,5269.39048545557,5304.82682055092,5340.50146287526,5376.4160150304,5411.27338798436,5446.35675469435,5481.66758036482,5517.20733969971,5552.977516964,5587.53946533906,5622.31652862713,5657.31004571181,5692.52136380994,5727.95183852354,5762.02628551554,5796.30343462002,5830.78449167155,5865.47066967798,5900.3631888631,5933.75673589548,5967.33927620637,6001.11187941737,6035.07562120367,6069.23158332836,6101.71651548573,6134.37531987104,6167.20892711734,6200.21827283881,6233.40429765739,0.000162505654343715
"Pakistan",186427,187355.06864171,188287.757383533,189225.089225196,190167.087280921,191113.77478,192020.188782083,192930.901722556,193845.933990414,194765.306071355,195689.038548233,196581.423363713,197477.877649127,198378.419962149,199283.068945078,200191.843325228,201071.725383802,201955.474695028,202843.108256233,203734.64313945,204630.096491748,205492.877442888,206359.296133454,207229.36790123,208103.108148668,208980.532343163,209817.662100269,210658.145213893,211501.995116839,212349.225295719,213199.849291171,214002.240643095,214807.651846504,215616.094266804,216427.579312175,217242.118433732,6.46682847564585e-05
"Panama",3728,3733.07859217459,3738.16410283054,3743.25654139276,3748.35591729904,3753.46224,3758.45605284999,3763.45650974358,3768.46361952038,3773.47739103174,3778.4978331408,3783.07383243136,3787.65537354579,3792.24246319559,3796.8351081004,3801.43331498797,3805.30289106541,3809.17640608318,3813.05386405084,3816.93526898201,3820.82062489441,3824.07804677276,3827.33824575016,3830.6012241942,3833.8669844745,3837.13552896271,3840.06263130502,3842.99196654426,3845.92353638376,3848.85734252814,3851.79338668335,3854.59341838525,3857.39548554875,3860.19958965352,3863.00573218029,3865.81391461088,0.0120017179594994
"Paraguay",6913,6934.87215012648,6956.81350189497,6978.82427425363,7000.90468684336,7023.05496,7043.05475634038,7063.11150679203,7083.22537354514,7103.39651925178,7123.62510702721,7140.85199557851,7158.1205434935,7175.43085151601,7192.78302063349,7210.17715207759,7224.92638989565,7239.705798958,7254.51544098334,7269.35537781666,7284.22567142942,7296.87081328741,7309.53790663616,7322.22698958266,7334.9381003,7347.67127702757,7358.23619356868,7368.81630097194,7379.41162107968,7390.02217576562,7400.64798693494,7408.96241350378,7417.28618110455,7425.61930023165,7433.96178139127,7442.31363510138,0.0044639440370559
"Peru",30417,30495.7965572399,30574.7972403775,30654.00257821,30733.413100904,30813.02934,30884.1861619933,30955.507307113,31026.9931548321,31098.6440854999,31170.460480344,31233.4193283739,31296.5053422039,31359.7187786864,31423.059895193,31486.5289496147,31540.5629783513,31594.6897348785,31648.9093783265,31703.2220680983,31757.6279638709,31802.7225788633,31847.8812264814,31893.1039976489,31938.3909834189,31983.7422749736,32020.502946777,32057.3058696397,32094.1510921232,32131.0386628447,32167.9686304775,32197.2524527791,32226.5629333463,32255.9000964471,32285.2639663717,32314.6545674324,0.000328861611408761
"Philippines",99763,100073.321609988,100384.608502711,100696.863680769,101010.090156096,101324.29095,101606.423415992,101889.341465852,102173.047286998,102457.543072942,102742.8310233,102994.547454465,103246.8805823,103499.83191769,103753.402975223,104007.595273197,104230.049964311,104452.980448461,104676.38774329,104900.272868613,105124.636846431,105320.280103876,105516.287465163,105712.659607912,105909.397211002,106106.500954577,106276.57412877,106446.919905342,106617.538721235,106788.43101409,106959.597222251,107104.242687717,107249.083762657,107394.120711602,107539.353799441,107684.783291418,0.00361095965029377
"Poland",38345,38425.9489004647,38507.0686895586,38588.3597280392,38669.8223774255,38751.457,38826.8062520063,38902.3020148852,38977.9445735158,39053.7342133314,39129.67122032,39194.0231653733,39258.4809424641,39323.0447256419,39387.7146892422,39452.4910078876,39505.3731988797,39558.3262732571,39611.3503260321,39664.4454523442,39717.6117474607,39758.7533070031,39799.9374831039,39841.1643199076,39882.4338616043,39923.74615243,39953.4849298424,39983.2458593565,40013.0289574731,40042.8342407053,40072.6617255786,40091.5581920584,40110.4635692627,40129.3778613933,40148.3010726541,40167.233207251,0.00239283696347946
"Portugal",10704,10737.5494483494,10771.2040504249,10804.9641358089,10838.8300351167,10872.80208,10904.4958245414,10936.2819549678,10968.16074058,11000.132451464,11032.1973584928,11061.7810743548,11091.444121307,11121.1867120821,11151.0090599832,11180.9113788853,11207.9499036998,11235.0538151184,11262.2232712637,11289.4584306409,11316.7594521387,11341.0762928237,11365.4453842209,11389.8668386038,11414.3407684871,11438.8672866273,11460.609833407,11482.3937075602,11504.2189876403,11526.08575235,11547.9940805417,11567.2380818531,11586.5141520747,11605.8223446475,11625.1627131012,11644.5353110551,0.00164580453449956
"Republic of Korea",48955,48955.8811582789,48956.762332418,48957.6435224177,48958.5247282783,48959.40595,48951.9618569472,48944.5188957407,48937.0770662084,48929.6363681782,48922.196801478,48901.9262210058,48881.6640395111,48861.4102535139,48841.1648595356,48820.927854099,48786.11774852,48751.3324631053,48716.5719801578,48681.8362819928,48647.1253509384,48604.9237838342,48562.7588267507,48520.6304479286,48478.538615636,48436.4832981688,48394.7560898782,48353.0648288693,48311.4094841742,48269.7900248515,48228.2064199867,48190.2393184527,48152.3021060833,48114.3947593486,48076.5172547371,48038.6695687561,0.00103886512564584
"Republic of Moldova",3475,3473.97774873941,3472.95579819757,3471.934148286,3470.91279891628,3469.89175,3467.95338598049,3466.01610477721,3464.07990578526,3462.14478840009,3460.2107520175,3457.9864388601,3455.76355554884,3453.5421011646,3451.32207478881,3449.10347550352,3446.6372913921,3444.17287065604,3441.71021203448,3439.24931426747,3436.79017609597,3433.91220350735,3431.03664093674,3428.16348636599,3425.29273777863,3422.42439315989,3418.9332499056,3415.44566789324,3411.96164349004,3408.48117306698,3405.00425299871,3400.85366127594,3396.70812899227,3392.5676499804,3388.43221808056,3384.30182714047,0.00700677738335293
"Romania",21290,21279.0883407327,21268.1822739646,21257.2817968295,21246.3869064624,21235.4976,21222.9112743761,21210.3324086947,21197.7609985344,21185.1970394763,21172.640527104,21157.2892906493,21141.9491846183,21126.620200941,21111.302331553,21095.9955683959,21078.8800623611,21061.7784424,21044.6906972464,21027.6168156436,21010.5567863439,20992.3300480583,20974.1191215379,20955.9239930658,20937.7446489372,20919.581075459,20900.1735673178,20880.7840639049,20861.4125485169,20842.0590044659,20822.7234150796,20801.4407762148,20780.1798900624,20758.9407343895,20737.7232869855,20716.5275256627,0.0084447172682111
"Russian Federation",142400,142351.551043499,142303.118570855,142254.702576462,142206.303054711,142157.92,142077.082417712,141996.29080342,141915.545130985,141834.845374281,141754.1915072,141646.862934702,141539.615625569,141432.449518271,141325.364551327,141218.360663303,141106.621470705,140994.970691875,140883.408256853,140771.934095738,140660.548138683,140555.176294263,140449.88338616,140344.669355241,140239.534142417,140134.477688644,140028.656593706,139922.915408469,139817.254072589,139711.672525769,139606.170707758,139490.38489802,139374.695118089,139259.101288322,139143.603329139,139028.201161028,0.00231915884946008
"Rwanda",11951,12013.8432191019,12077.0168934114,12140.5227605965,12204.3625674625,12268.53807,12325.400743961,12382.5269671462,12439.9179610632,12497.5749528813,12555.4991754573,12609.1528543534,12663.0358126448,12717.1490301161,12771.4934907385,12826.0701826884,12879.164796796,12932.4792005981,12986.0143039329,13039.7710204051,13093.7502674011,13146.9482377059,13200.3623434941,13253.9934628922,13307.8424775946,13361.9102728775,13413.3831099592,13465.0542310365,13516.9243999402,13568.9943834437,13621.264951274,13668.7165858107,13716.3335249375,13764.1163445168,13812.0656224169,13860.1819385194,0.00391206973026253
"Sao Tome and Principe",180,180.646933008643,181.296191141272,181.947782754552,182.601716235182,183.258,183.861693003324,184.467374706964,185.075051662143,185.684730441669,186.29641764,186.874069077383,187.453511645199,188.034750897225,188.617792404463,189.202641755184,189.739195851782,190.277271546049,190.816873153038,191.358005000039,191.900671426613,192.389441010922,192.87945548773,193.370718027771,193.86323180985,194.357000020874,194.795045265391,195.234077784029,195.674099801923,196.115113549224,196.55712126111,196.942822107738,197.329279808874,197.716495849679,198.104471718233,198.493208905532,0.00222709625822838
"Saudi Arabia",29927,30038.2169843538,30149.8472816895,30261.8924279921,30374.3539649548,30487.23344,30580.8019088458,30674.6575489883,30768.801241786,30863.2338713022,30957.9563243136,31032.3919376702,31107.0065247446,31181.8005158628,31256.7743423857,31331.9284367113,31394.0322904058,31456.2592418104,31518.6095349204,31581.0834142146,31643.6811246566,31696.7905112163,31749.9890342747,31803.2768434346,31856.6540885499,31910.1209197262,31954.9878432724,31999.9178515319,32044.9110332043,32089.967477114,32135.0872722103,32170.9982192757,32206.9492968101,32242.940549659,32278.9720227185,32315.0437609346,0.00159549816276577
"Senegal",13805,13871.6932662917,13938.7087340879,14006.0479599745,14073.7125080577,14141.70395,14205.6377030953,14269.8604966626,14334.3736374358,14399.1784380561,14464.2762170995,14525.8876325025,14587.7614852684,14649.8988932644,14712.300979119,14774.9688702428,14834.2704480802,14893.8100417918,14953.5886066907,15013.6071019237,15073.8664904878,15130.211861749,15186.7678492356,15243.5352402207,15300.5148249202,15357.7073965037,15410.299337419,15463.0713776277,15516.0241338736,15569.1582250124,15622.4742720194,15671.0693560494,15719.815599374,15768.7134721876,15817.7634461471,15866.9659943765,0.000391776359741954
"Sierra Leone",6384,6408.617632129,6433.33019342649,6458.13804995314,6483.04156918122,6508.04112,6531.13635899454,6554.31355660833,6577.57300368985,6600.91499211973,6624.33981481441,6646.29262785651,6668.31819169552,6690.41674742483,6712.58853693683,6734.83380292551,6755.37064265852,6775.97010632533,6796.63238488798,6817.35766989086,6838.14615346239,6856.99727171336,6875.90035794678,6894.85555542583,6913.86300780865,6932.92285914938,6949.90828365313,6966.9353218675,6984.00407574465,7001.11464748654,7018.26713954551,7033.51460291738,7048.79519200741,7064.10897878255,7079.45603536607,7094.83643403795,0.00147179480662411
"Singapore",5336,5344.59524089318,5353.20432701986,5361.827280682,5370.46412421743,5379.11488,5386.8065026846,5394.5091236581,5402.22275864702,5409.94742340035,5417.6831336896,5424.2011569798,5430.7270221143,5437.26073852765,5443.80231566571,5450.35176298575,5454.66162016442,5458.97488535595,5463.29156125522,5467.61165055925,5471.93515596717,5473.60854432436,5475.2824444253,5476.95685642648,5478.63178048445,5480.3072167558,5480.06606201571,5479.82491788737,5479.5837843703,5479.34266146403,5479.10154916811,5477.95045428136,5476.79960122612,5475.64898995159,5474.49862040697,5473.34849254149,0.00138488643004318
"Slovenia",2049,2049.51608795718,2050.03230590302,2050.54865387027,2051.06513189168,2051.58174,2051.63507835172,2051.68841809016,2051.74175921536,2051.79510172737,2051.8484456262,2051.52415107852,2051.19990778557,2050.87571573926,2050.55157493149,2050.22748535415,2049.66130995306,2049.0952909027,2048.52942815991,2047.96372168151,2047.39817142437,2046.74668432819,2046.0954045368,2045.44433198424,2044.79346660454,2044.1428083318,2043.45551433132,2042.76845141696,2042.08161951103,2041.39501853586,2040.7086484138,2039.95711429834,2039.20585695121,2038.45487627048,2037.70417215427,2036.95374450072,7.39785158172951e-05
"Solomon Islands",595,597.712161590966,600.436685905454,603.173629295908,605.923048371639,608.685,611.264562835443,613.85505767089,616.456530835362,619.069028854221,621.69259845,624.157262414054,626.631697394317,629.11594212741,631.610035503524,634.11401656703,636.4518147619,638.798231754425,641.153299319665,643.517049349823,645.88951385468,648.072030233432,650.261921523281,652.459212644689,654.663928602324,656.876094485348,658.883030596888,660.896098447108,662.915316770144,664.940704357375,666.972280057588,668.797767750125,670.628251760224,672.463745762688,674.304263469753,676.149818631181,0.0749449196075645
"Somalia",10323,10381.3834204303,10440.0970378752,10499.142719818,10558.5223443039,10618.2378,10679.2874130858,10740.6880312375,10802.4416725604,10864.5503667631,10927.016155224,10989.6488571599,11052.6405642713,11115.9933343444,11179.7092369606,11243.7903535639,11307.1615867403,11370.8899871234,11434.9775677468,11499.4263529895,11564.2383786405,11627.6286112782,11691.3663221902,11755.4534161042,11819.8918081894,11884.6834241126,11947.8295782058,12011.3112428577,12075.130200716,12139.2882438997,12203.7871740501,12266.5013510188,12329.5378105657,12392.8982088721,12456.5842106306,12520.5974890884,0.0203361099718485
"South Africa",51206,51250.8801275393,51295.7995908176,51340.7584243111,51385.7566625263,51430.79434,51476.2814918089,51521.8088740092,51567.3765221818,51612.9844719394,51658.6327589262,51695.1553914222,51731.7038454046,51768.2781391292,51804.8782908648,51841.5043188928,51870.0892888659,51898.6900203513,51927.3065220397,51955.9388026268,51984.5868708129,52005.7792962854,52026.9803612205,52048.1900691403,52069.4084235683,52090.6354280294,52105.8370184359,52121.0430451169,52136.2535093669,52151.4684124809,52166.6877557543,52177.9508956835,52189.2164674006,52200.4844714307,52211.7549082989,52223.0277785304,0.000292959905675713
"Spain",47290,47334.3692640093,47378.7801569378,47423.2327178433,47467.7269858203,47512.263,47544.7170211069,47577.1932104588,47609.6915831981,47642.2121544775,47674.75493946,47693.8096037957,47712.871883907,47731.9417828376,47751.0193036328,47770.1044493389,47788.4340976779,47806.7707792026,47825.1144966114,47843.4652526042,47861.8230498816,47879.1364994217,47896.4562118979,47913.7821895756,47931.1144347212,47948.4529496019,47960.8172721174,47973.1847829835,47985.5554830221,47997.9293730557,48010.3064539069,48013.4747159499,48016.6431870705,48019.8118672827,48022.9807566001,48026.1498550367,0.0108862676766154
"Sri Lanka",21556,21580.7754948305,21605.5794654981,21630.4119447317,21655.2729652976,21680.16256,21697.0467679372,21713.9441250598,21730.8546416082,21747.7783278308,21764.715193984,21776.4989029925,21788.2889918592,21800.0854640383,21811.8883229859,21823.6975721597,21832.1150236559,21840.535721783,21848.9596677931,21857.386862939,21865.817308474,21870.1013296591,21874.3861901835,21878.6718902114,21882.9584299076,21887.2458094363,21885.8010604934,21884.3564069166,21882.9118486994,21881.4673858357,21880.0230183192,21872.4472861327,21864.8741769653,21857.3036899089,21849.7358240555,21842.1705784975,0.0085226263084433
"Sudan",47940,48154.0026106088,48368.960521955,48584.8779984701,48801.759323622,49019.6088,49217.803561049,49416.7996578138,49616.6003302334,49817.2088313464,50018.628427344,50206.7782083391,50395.6357324532,50585.2036619287,50775.4846690221,50966.4814360421,51143.427337282,51320.9875609369,51499.1642398172,51677.9595141378,51857.3755315441,52022.67679465,52188.5049742708,52354.8617500125,52521.7488068352,52689.1678350701,52843.1710922502,52997.6244799637,53152.5293138808,53307.8869135173,53463.6986022456,53605.7962506732,53748.2715710954,53891.1255673017,54034.3592457497,54177.9736155716,0.0110121795377403
"Suriname",544,544.807073709363,545.615344786322,546.424815007281,547.235486151281,548.04736,548.733984842132,549.421469926841,550.10981633189,550.799025136388,551.4890974208,552.036191039939,552.583827392253,553.132007016147,553.680730450564,554.229998234981,554.596413680391,554.963071372304,555.329971470874,555.697114136363,556.064499529139,556.242326396183,556.420210131441,556.598150753098,556.776148279347,556.954202728385,556.968682784713,556.983163217502,556.997644026763,557.012125212506,557.02660677474,556.909582026596,556.792581863977,556.675606281719,556.558655274656,556.441728837626,0.00110761177974898
"Swaziland",1255,1257.73897849587,1260.48393468352,1263.23488160901,1265.99183234682,1268.7548,1271.09084074616,1273.43118262786,1275.77583356439,1278.12480148962,1280.478094352,1282.53051312024,1284.58622161504,1286.64522510935,1288.70752888458,1290.77313823059,1292.69068440169,1294.61107924015,1296.5343269779,1298.46043185315,1300.38939811041,1302.24365931922,1304.10056457037,1305.96011763407,1307.82232228593,1309.6871823069,1311.48176772739,1313.27881216013,1315.07831897456,1316.88029154474,1318.68473324935,1320.32635939537,1321.9700291962,1323.61574519599,1325.26350994204,1326.91332598482,0.00145675738043111
"Sweden",9596,9606.81905648428,9617.65031096597,9628.49377719777,9639.34946894787,9650.2174,9660.04060280245,9669.87380489396,9679.71701645307,9689.57024766866,9699.43350874001,9706.94861473161,9714.46954341564,9721.99629930351,9729.52888691013,9737.06731075392,9742.53340214386,9748.00256203011,9753.47479213523,9758.95009418274,9764.42846989714,9769.20835784969,9773.99058565541,9778.77515445969,9783.56206540851,9788.35131964839,9793.14291832643,9797.93686259027,9802.73315358812,9807.53179246876,9812.33278038154,9816.97942318756,9821.62826641727,9826.27931111266,9830.93255831625,9835.58800907104,0.00104705734627049
"Switzerland",7788,7793.02456045479,7798.05236259009,7803.08340849731,7808.11770026924,7813.15524,7816.99553538433,7820.83771833754,7824.68178978739,7828.52775066212,7832.3756018904,7834.45790630903,7836.54076432619,7838.62417608908,7840.7081417449,7842.79266144091,7842.51030057439,7842.22794987358,7841.94560933814,7841.66327896768,7841.38095876185,7839.48242545721,7837.58435182016,7835.6867377394,7833.78958310368,7831.89288780175,7828.93019164443,7825.96861623385,7823.00816114606,7820.04882595726,7817.09061024381,7813.4757727271,7809.86260681059,7806.25111172129,7802.64128668657,7799.03313093414,0.00125760290326387
"Syrian Arab Republic",21823,21894.1144469645,21965.4606340458,22037.0393164135,22108.8512516984,22180.8972,22248.8850214789,22317.0812359649,22385.4864822144,22454.1014009414,22522.926634824,22584.5268074725,22646.2954565065,22708.2330427086,22770.3400281219,22832.6168760528,22885.25396318,22938.0123970172,22990.8924573108,23043.8944244517,23097.0185794775,23139.728399998,23182.5171973251,23225.3851174986,23268.3323068284,23311.3589118951,23345.6190045043,23379.9294482728,23414.2903172004,23448.7016853955,23483.1636270757,23511.0423192286,23538.9541083479,23566.8990337255,23594.8771347,23622.8884506568,0.000716087206704635
"Tajikistan",7290,7311.17797493551,7332.41747341318,7353.71867416333,7375.08175643552,7396.5069,7416.13631545311,7435.81782494957,7455.55156674052,7475.33767944402,7495.17630204601,7512.41071917126,7529.68476513534,7546.99853106084,7564.3521082799,7581.74558833464,7596.96912924876,7612.2232378198,7627.50797542517,7642.82340356554,7658.16958386505,7672.16343115902,7686.1828495454,7700.22788575049,7714.29858658598,7728.39499894909,7741.35064952843,7754.3280185735,7767.32714249249,7780.34805775462,7793.39080089025,7804.90652385228,7816.43926275497,7827.98904274151,7839.55588899228,7851.13982672484,0.00108869075273776
"Thailand",70572,71004.2196008168,71439.0863390724,71876.6164272121,72316.8261769745,72759.732,73187.5907386152,73617.9654719322,74050.8709950894,74486.3221902274,74924.334027,75350.864302652,75779.8227357031,76211.2231492013,76645.079444886,77081.4056036373,77507.552604319,77936.0555722378,78366.9275324334,78800.1815819549,79235.8308902589,79659.1568177056,80084.7444093368,80512.605748336,80942.7529824424,81375.1983242959,81789.8700856442,82206.6549314851,82625.5636296751,83046.6070029419,83469.7959291633,83870.4262432778,84272.979464317,84677.4648216648,85083.8915890037,85492.2690845269,0.000622213427127224
"Togo",6543,6547.44320134827,6551.88941997274,6556.33865792239,6560.79091724756,6565.2462,6568.11926213432,6570.99358156895,6573.86915885409,6576.74599454021,6579.624089178,6581.20244153199,6582.78117250885,6584.3602821994,6585.9397706945,6587.51963808501,6587.73042522348,6587.94121910671,6588.15201973492,6588.36282710831,6588.5736412271,6587.18945928388,6585.80556814103,6584.42196773745,6583.03865801207,6581.65563890381,6578.70441169203,6575.75450781627,6572.80592668317,6569.85866769958,6566.91273027267,6562.70451615833,6558.49899875503,6554.29617633466,6550.09604717021,6545.8986095358,0.000212873701330632
"Trinidad and Tobago",1360,1365.15059921732,1370.32070481134,1375.51039065669,1380.71973090783,1385.9488,1390.77968547289,1395.62740955803,1400.49203094837,1405.37360854142,1410.27220144,1414.76203417606,1419.26616103063,1423.7846275114,1428.31747927092,1432.86476210707,1437.00184248917,1441.15086777671,1445.31187245796,1449.48489112077,1453.66995845287,1457.45589480153,1461.25169123842,1465.05737344313,1468.87296716215,1472.69849820901,1476.13151528092,1479.57253508132,1483.0215762654,1486.47865753188,1489.94379762304,1493.00346953202,1496.06942462579,1499.14167580715,1502.22023600545,1505.30511817653,0.000308625585258214
"Tunisia",10922,10925.1873631231,10928.3756564131,10931.5648801416,10934.75503458,10937.94612,10936.7426811411,10935.5393746896,10934.336200631,10933.1331589506,10931.930249634,10927.1816683463,10922.4351497341,10917.6906929013,10912.9482969525,10908.2079609923,10904.2126312258,10900.2187648216,10896.2263612436,10892.2354199562,10888.2459404237,10884.0180188574,10879.7917389992,10875.5671002116,10871.3441018572,10867.1227432993,10861.4877328194,10855.8556443038,10850.2264762371,10844.6002271051,10838.9768953941,10831.1180883154,10823.2649792699,10815.417564126,10807.5758387554,10799.7397990328,0.00472346082297099
"Turkey",76190,76322.5656255836,76455.3619067006,76588.3892446765,76721.6480415352,76855.1387,76960.6015351227,77066.2090893855,77171.9615613764,77277.8591499555,77383.902054256,77458.5108982619,77533.1916755699,77607.9444555337,77682.7693075739,77757.666301178,77805.9715152501,77854.3067378578,77902.6719876435,77951.0672832607,77999.4926433747,78031.757728887,78064.0361610983,78096.3279455294,78128.6330877036,78160.9515931465,78182.3559674976,78203.766203436,78225.1823025669,78246.6042664959,78268.0320968291,78275.5443856894,78283.0573955909,78290.571126603,78298.0855787948,78305.6007522355,0.000488073446877572
"Turkmenistan",5301,5311.04436556298,5321.10776324811,5331.19022911758,5341.29179930188,5351.41251,5359.78796982493,5368.17653802585,5376.5782351186,5384.99308165112,5393.4210982035,5400.18901522004,5406.96542493536,5413.75033800649,5420.54376510384,5427.3457169112,5432.54599382996,5437.75125345693,5442.96150056635,5448.17673993703,5453.39697635237,5457.12200752116,5460.84958313286,5464.57970492547,5468.31237463822,5472.04759401149,5474.33300010409,5476.61936069881,5478.90667619429,5481.19494698935,5483.48417348298,5484.36125033103,5485.2384674665,5486.11582491181,5486.99332268942,5487.87096082177,0.00015947082671657
"Uganda",37924,38008.9475911304,38094.0854600067,38179.4140328403,38264.9337367972,38350.645,38421.9417184183,38493.3709827705,38564.9330394694,38636.628135386,38708.45651785,38764.3447441022,38820.3136631569,38876.3633915202,38932.4940458667,38988.7057430392,39031.8098159195,39074.9615426283,39118.1609758495,39161.4081683252,39204.7031728557,39238.1269502027,39271.5792228272,39305.0600150226,39338.5693511032,39372.1072554038,39396.5662979639,39421.0405351582,39445.5299764259,39470.0346312121,39494.5545089681,39509.4721770744,39524.395479801,39539.3244192763,39554.2589976294,39569.19921699,0.000592487516497453
"Ukraine",44457,44719.9028187937,44984.3603509538,45250.3817904998,45517.9763858214,45787.15344,46043.513489895,46301.3088872672,46560.5476685576,46821.2379152026,47083.3877538864,47333.4608166814,47584.8620875709,47837.5986210403,48091.6775090433,48347.1058812007,48589.4930052779,48833.0953317307,49077.9189529487,49323.9699918658,49571.2546021127,49803.2475731646,50036.3262689787,50270.4957707361,50505.7611833974,50742.1276358146,50961.6584872673,51182.1391174736,51403.5736355583,51625.9661684241,51849.3208608281,52055.9971881853,52263.4973470524,52471.8246213002,52680.9823078892,52890.9737169221,0.000951504572804235
"United Arab Emirates",8279,8270.05593374944,8261.12153005729,8252.19677848478,8243.28166860443,8234.37619,8224.81862133577,8215.27214605816,8205.7367512912,8196.21242417382,8186.6991518599,8176.30844805825,8165.93093232221,8155.56658791324,8145.21539811407,8134.87734622863,8124.4870040612,8114.10993304782,8103.74611623777,8093.39553670203,8083.05817753316,8073.46509325122,8063.88339417325,8054.31306678713,8044.75409759679,8035.20647312216,8026.34823638481,8017.49976521582,8008.66104884936,7999.83207653145,7991.01283751998,7982.31568679641,7973.62800176038,7964.94977210976,7956.28098755362,7947.62163781225,0.000613383486452307
"United Kingdom",63555,63785.1753517009,64016.1843229838,64248.0299329452,64480.7152116158,64714.2432,64901.7309869441,65089.7619567875,65278.3376832204,65467.459744492,65657.129723424,65816.8170927091,65976.8928441245,66137.3579222701,66298.2132740433,66459.4598486443,66595.4102362551,66731.6387258537,66868.1458863293,67004.932287735,67141.9985012898,67254.9534996787,67368.0985256502,67481.4338988932,67594.9599396348,67708.6769686407,67795.7966820901,67883.028491135,67970.3725400073,68057.8289731241,68145.3979350884,68203.4949597686,68261.6415147821,68319.8376423558,68378.0833847526,68436.3787842713,0.00343245754368291
"United Republic of Tanzania",50704,50762.2768922753,50820.620765384,50879.0316963107,50937.5097621288,50996.05504,51051.1137530678,51106.2319111629,51161.4095784661,51216.6468192274,51271.9436977664,51323.0112681802,51374.1297026058,51425.2990517045,51476.5193661879,51527.7906968183,51564.8373972125,51601.9107329037,51639.0107230418,51676.1373867903,51713.2907433268,51740.9794008128,51768.6828835351,51796.4011994315,51824.134356444,51851.882362519,51873.2277566866,51894.581937919,51915.9449098336,51937.3166760491,51958.6972401857,51974.5868800551,51990.4813791812,52006.3807390502,52022.2849611486,52038.1940469632,0.00254350920850357
"United States of America",321199,321711.281710968,322224.380462312,322738.297557132,323253.034300607,323768.592,324244.426205453,324720.959731955,325198.193607278,325676.128860708,326154.76652304,326590.647309786,327027.110617714,327464.157225319,327901.787912137,328340.003458744,328739.604422531,329139.691714295,329540.265925917,329941.327649993,330342.877479843,330711.377768848,331080.289123059,331449.612001024,331819.346861799,332189.494164955,332530.94667441,332872.750157686,333214.904975545,333557.411489116,333900.270059905,334222.861587219,334545.76478033,334868.979940347,335192.507368671,335516.347366995,0.000355135703081763
"Uruguay",3416,3418.63308964211,3421.26820889811,3423.90535933246,3426.5445425108,3429.18576,3431.45972152557,3433.73519096042,3436.01216930448,3438.29065755832,3440.5706567232,3442.41969524002,3444.26972747091,3446.12075394989,3447.97277521131,3449.82579178979,3451.19084211118,3452.55643256489,3453.92256336463,3455.28923472421,3456.65644685753,3457.4925531401,3458.32886166253,3459.16537247374,3460.00208562266,3460.83900115823,3461.15733977742,3461.47570767837,3461.79410486378,3462.11253133635,3462.43098709876,3462.27170061832,3462.11242146574,3461.95314964067,3461.79388514278,3461.63462797173,3.18227615988328e-05
"Uzbekistan",28725,28790.5948871049,28856.3395632164,28922.2343703847,28988.2796514412,29054.47575,29108.201794352,29162.0271861459,29215.9521090898,29269.9767472318,29324.10128496,29364.6906174106,29405.3361321084,29446.0379068189,29486.796019415,29527.6105478776,29556.7851736081,29585.9886251992,29615.2209311321,29644.4821199164,29673.7722200896,29694.9882813138,29716.2195115313,29737.4659215876,29758.727522336,29780.0043246375,29794.2255776777,29808.4536219875,29822.68846081,29836.9300973899,29851.1785349734,29857.5639548048,29863.9507405315,29870.3388924457,29876.7284108397,29883.1192960059,0.00172319911750065
"Venezuela (Bolivarian Republic of)",30787,30867.2425634451,30947.6942693526,31028.3556628268,31109.2272903928,31190.3097,31260.7306135229,31331.3105221026,31402.0497847152,31472.9487611474,31544.007811998,31605.0297241129,31666.169683173,31727.42791754,31788.8046560177,31850.3001278525,31902.1109819018,31954.00611662,32005.9856691063,32058.049776683,32110.1985768958,32153.1113902435,32196.0815532692,32239.1091426163,32282.1942350308,32325.336907361,32359.786860458,32394.2735277669,32428.796948415,32463.3571615712,32497.9542064463,32524.4941490856,32551.0557659679,32577.6390747937,32604.2440932781,32630.8708391507,0.00211911602052743
"Viet Nam",91561,91712.3072316659,91863.8645029595,92015.6722270786,92167.7308179039,92320.0406899999,92432.2135782174,92544.5227614014,92656.9684051563,92769.5506752874,92882.2697378021,92961.641192835,93041.0804738146,93120.5876387008,93200.1627455029,93279.8058522799,93336.2650275109,93392.7583756098,93449.28591726,93505.8476731579,93562.4436640122,93599.0914213386,93635.7535333363,93672.4300056277,93709.1208438379,93745.8260535937,93758.3846290375,93770.9448868796,93783.5068273454,93796.0704506602,93808.6357570496,93793.0583509562,93777.4835315712,93761.911298465,93746.3416512081,93730.7745893712,7.66269715140967e-06
"Yemen",27163,27314.9780655214,27467.8064543649,27621.4899241234,27776.0332590085,27931.44127,28074.9237332607,28219.1432589975,28364.1036334648,28509.8086623665,28656.2621709565,28791.5543851885,28927.4853422935,29064.0580579105,29201.2755619158,29339.1408984904,29468.2650964776,29597.9575816741,29728.2208551631,29859.0574290352,29990.4698264369,30114.1459419839,30238.3320789359,30363.0303405433,30488.2428387298,30613.9716941285,30730.8176738555,30848.1096258697,30965.8492523373,31084.0382619215,31202.6783698066,31310.8850235748,31419.4669233325,31528.4253703818,31637.7616705377,31747.4771341434,0.00613515567536467
"Zambia",14767,14861.3008453858,14956.2038882011,15051.712974029,15147.8319730103,15244.56478,15339.3285762465,15434.6814465144,15530.6270526261,15627.169079167,15724.3112336266,15820.4616345751,15917.1999722202,16014.5298416542,16112.4548599522,16210.9786663074,16309.8517869218,16409.3279491034,16509.4108308906,16610.1041327545,16711.4115777363,16813.728329802,16916.6715231293,17020.2449931475,17124.4525987684,17229.2982225303,17333.4404636809,17438.2121910851,17543.6172096635,17649.6593473353,17756.3424551575,17859.7513306996,17963.7624358714,18068.3792779205,18173.6053845197,18279.4443038865,0.00422304720676479
"Zimbabwe",13666,13722.6791100024,13779.5932940214,13836.7435270157,13894.1307879877,13951.75606,13990.3280735438,14029.0067260099,14067.7923122196,14106.6851278097,14145.685469234,14177.3990348838,14209.1836999686,14241.0396238882,14272.9669663995,14304.9658876176,14331.5598894883,14358.2033315982,14384.8963058605,14411.638904359,14438.431219349,14462.0616479862,14485.7307509883,14509.4385916511,14533.1852333739,14556.9707396599,14578.509451857,14600.0800330556,14621.6825304096,14643.3169911426,14664.9834625482,14683.5316827485,14702.1033626733,14720.6985319945,14739.3172204214,14757.9594577007,2.75498102112306e-05
