,2014,2015,2016,2017,2018,2019,2020,2021,2022,2023,2024,2025,2026,2027,2028,2029,2030,2031,2032,2033,2034,2035,2036,2037,2038,2039,2040,2041,2042,2043,2044,2045,2046,2047,2048,2049
Afghanistan,35622,35815.5219,36010.09513,36205.72541,36402.41848,36600.18012,36776.85546,36954.38364,37132.76878,37312.01502,37492.12651,37659.19551,37827.00898,37995.57025,38164.88264,38334.94951,38490.77418,38647.23224,38804.32628,38962.05888,39120.43263,39265.42949,39410.96378,39557.03747,39703.65258,39850.81111,39985.86359,40121.37377,40257.34318,40393.77338,40530.66594,40655.77938,40781.27903,40907.16609,41033.44174,41160.10719
Albania,3246,3247.401062,3248.802729,3250.205,3251.607877,3253.01136,3253.466654,3253.922012,3254.377434,3254.832919,3255.288468,3254.69579,3254.103219,3253.510757,3252.918402,3252.326155,3250.613629,3248.902005,3247.191282,3245.48146,3243.772538,3241.023651,3238.277094,3235.532864,3232.79096,3230.05138,3226.445059,3222.842764,3219.244491,3215.650236,3212.059994,3207.731334,3203.408508,3199.091507,3194.780324,3190.47495
Algeria,37474,37559.05375,37644.30055,37729.74083,37815.37504,37901.2036,37969.63304,38038.18603,38106.86278,38175.66354,38244.5885,38295.69946,38346.87872,38398.12638,38449.44252,38500.82725,38539.94153,38579.09556,38618.28936,38657.52298,38696.79646,38727.55019,38758.32836,38789.13099,38819.9581,38850.80971,38873.54965,38896.3029,38919.06946,38941.84935,38964.64258,38976.79197,38988.94515,39001.10212,39013.26287,39025.42742
Angola,21275,21381.32806,21488.18753,21595.58106,21703.51133,21811.981,21910.37737,22009.21762,22108.50374,22208.23776,22308.42169,22400.19876,22492.35341,22584.88719,22677.80164,22771.09835,22855.40793,22940.02965,23024.96469,23110.2142,23195.77934,23272.69506,23349.86583,23427.29249,23504.9759,23582.91689,23653.01189,23723.31523,23793.82753,23864.54941,23935.4815,23998.95595,24062.59872,24126.41026,24190.39103,24254.54147
Argentina,41826,41891.12907,41956.35955,42021.6916,42087.12539,42152.66106,42210.50416,42268.42663,42326.42858,42384.51012,42442.67137,42493.05837,42543.50519,42594.01189,42644.57856,42695.20526,42738.83589,42782.5111,42826.23095,42869.99547,42913.80471,42950.7328,42987.69267,43024.68434,43061.70785,43098.76321,43128.97615,43159.21028,43189.46559,43219.74212,43250.03987,43273.19708,43296.36669,43319.5487,43342.74313,43365.94998
Armenia,3124,3124.543387,3125.086868,3125.630444,3126.174115,3126.71788,3126.173642,3125.629498,3125.085449,3124.541495,3123.997635,3122.890956,3121.78467,3120.678775,3119.573271,3118.46816,3117.163549,3115.859484,3114.555964,3113.25299,3111.950561,3110.442917,3108.936003,3107.42982,3105.924365,3104.419641,3102.486285,3100.554134,3098.623185,3096.69344,3094.764896,3092.322369,3089.881769,3087.443096,3085.006347,3082.571522
Australia,23502,23557.25133,23612.63255,23668.14397,23723.78589,23779.55862,23828.3911,23877.32386,23926.3571,23975.49103,24024.72587,24066.90904,24109.16628,24151.49772,24193.90348,24236.3837,24272.38878,24308.44734,24344.55948,24380.72526,24416.94476,24448.31309,24479.72171,24511.17068,24542.66006,24574.18989,24601.9451,24629.73167,24657.54961,24685.39898,24713.2798,24737.54995,24761.84394,24786.16178,24810.50351,24834.86914
Austria,8450,8452.077678,8454.155867,8456.234567,8458.313778,8460.3935,8462.237062,8464.081026,8465.925392,8467.770159,8469.615329,8470.749953,8471.88473,8473.019658,8474.154739,8475.289971,8475.222168,8475.154365,8475.086563,8475.018761,8474.95096,8473.747175,8472.543561,8471.340118,8470.136846,8468.933744,8466.71372,8464.494278,8462.275417,8460.057139,8457.839441,8454.843244,8451.848108,8448.854033,8445.861019,8442.869065
Azerbaijan,9642,9660.461095,9678.957537,9697.489393,9716.056732,9734.65962,9747.107578,9759.571453,9772.051266,9784.547038,9797.058788,9805.977453,9814.904237,9823.839147,9832.782191,9841.733376,9850.143514,9858.560839,9866.985356,9875.417073,9883.855995,9892.105118,9900.361125,9908.624023,9916.893817,9925.170513,9931.811484,9938.456899,9945.106761,9951.761071,9958.419834,9962.360249,9966.302223,9970.245757,9974.190851,9978.137506
Bahamas,358,358.7479521,359.4974669,360.2485477,361.0011976,361.75542,362.4013747,363.0484829,363.6967466,364.3461678,364.9967486,365.5222883,366.0485847,366.5756389,367.103452,367.6320251,368.0252844,368.4189643,368.8130654,369.2075881,369.6025327,369.8866894,370.1710646,370.4556584,370.7404709,371.0255025,371.2404481,371.4555182,371.6707129,371.8860323,372.1014765,372.247226,372.3930327,372.5388964,372.6848173,372.8307953
Bangladesh,156379,156721.2199,157064.1888,157407.9082,157752.3798,158097.6052,158389.6373,158682.2088,158975.3208,159268.9742,159563.17,159800.8483,160038.8805,160277.2674,160516.0093,160755.1069,160937.3112,161119.722,161302.3396,161485.1641,161668.1959,161798.9355,161929.7808,162060.732,162191.7891,162322.9521,162404.3565,162485.8018,162567.2879,162648.8148,162730.3827,162764.2165,162798.0574,162831.9053,162865.7603,162899.6223
Barbados,276,276.1048004,276.2096406,276.3145205,276.4194404,276.5244,276.5885239,276.6526627,276.7168164,276.7809849,276.8451683,276.849044,276.8529198,276.8567956,276.8606715,276.8645475,276.7947424,276.724955,276.6551851,276.5854328,276.5156981,276.3706518,276.2256816,276.0807874,275.9359692,275.791227,275.5868388,275.382602,275.1785166,274.9745825,274.7707995,274.5324347,274.2942768,274.0563255,273.8185806,273.5810419
Belarus,9472,9465.550262,9459.104917,9452.66396,9446.227388,9439.7952,9432.17443,9424.559813,9416.951343,9409.349016,9401.752825,9392.804141,9383.863975,9374.932318,9366.009162,9357.094499,9347.455568,9337.826566,9328.207483,9318.598309,9308.999034,9299.428341,9289.867489,9280.316466,9270.775263,9261.243869,9251.629278,9242.024669,9232.43003,9222.845353,9213.270625,9203.169181,9193.078812,9182.999506,9172.931251,9162.874035
Belize,338,339.2341189,340.4727439,341.7158914,342.9635779,344.21582,345.3347954,346.4574083,347.5836706,348.7135941,349.8471908,350.8268584,351.8092694,352.7944314,353.7823521,354.7730393,355.6169226,356.4628133,357.3107161,358.1606358,359.0125771,359.7334457,360.4557618,361.1795283,361.904748,362.6314239,363.2450915,363.8597977,364.4755441,365.0923325,365.7101646,366.2163671,366.7232702,367.2308749,367.7391823,368.2481932
Benin,9863,9913.337193,9963.931289,10014.7836,10065.89544,10117.26814,10166.38379,10215.73788,10265.33156,10315.16601,10365.24238,10412.97831,10460.93409,10509.11072,10557.50922,10606.13062,10652.24633,10698.56256,10745.08017,10791.80005,10838.72306,10882.88716,10927.23121,10971.75595,11016.46211,11061.35043,11103.22025,11145.24855,11187.43594,11229.78301,11272.29038,11311.75912,11351.36605,11391.11166,11430.99644,11471.02086
Bolivia (Plurinational State of),10572,10604.13325,10636.36416,10668.69304,10701.12018,10733.64588,10765.10374,10796.65379,10828.2963,10860.03156,10891.85982,10922.44617,10953.1184,10983.87677,11014.72152,11045.65288,11074.31085,11103.04317,11131.85004,11160.73165,11189.68819,11216.10511,11242.58439,11269.12618,11295.73063,11322.3979,11346.43497,11370.52308,11394.66232,11418.85281,11443.09466,11464.6181,11486.18203,11507.78651,11529.43164,11551.11747
Botswana,2097,2100.532012,2104.069973,2107.613893,2111.163782,2114.71965,2117.600497,2120.485269,2123.373971,2126.266608,2129.163185,2131.411088,2133.661365,2135.914017,2138.169047,2140.426458,2142.212871,2144.000774,2145.790169,2147.581058,2149.373441,2150.8759,2152.37941,2153.883971,2155.389583,2156.896248,2158.188836,2159.482198,2160.776335,2162.071248,2163.366937,2164.408676,2165.450917,2166.493659,2167.536904,2168.580651
Brazil,201700,201977.5809,202255.5439,202533.8893,202812.6179,203091.73,203312.2145,203532.9385,203753.902,203975.1054,204196.549,204355.5744,204514.7237,204673.9969,204833.3942,204992.9156,205092.8546,205192.8424,205292.8789,205392.9642,205493.0983,205538.2869,205583.4854,205628.6939,205673.9123,205719.1407,205713.7917,205708.4429,205703.0942,205697.7456,205692.3972,205639.3011,205586.2188,205533.1502,205480.0952,205427.054
Brunei Darussalam,425,426.2086064,427.4206498,428.63614,429.8550868,431.0775,432.1353327,433.1957612,434.2587919,435.3244312,436.3926856,437.3182674,438.2458123,439.1753246,440.1068083,441.0402677,441.8435578,442.648311,443.4545299,444.2622173,445.0713757,445.7564537,446.4425861,447.1297747,447.818021,448.5073267,449.0772747,449.6479469,450.2193443,450.7914679,451.3643184,451.8273699,452.2908964,452.7548984,453.2193765,453.684331
Bulgaria,7298,7287.680678,7277.375948,7267.085789,7256.81018,7246.5491,7235.223631,7223.915863,7212.625767,7201.353316,7190.098483,7177.920413,7165.762971,7153.626119,7141.509824,7129.414051,7117.223915,7105.054621,7092.906135,7080.778421,7068.671444,7056.940992,7045.230008,7033.538457,7021.866309,7010.213531,6998.707111,6987.219577,6975.750898,6964.301044,6952.869984,6940.953706,6929.057851,6917.182384,6905.32727,6893.492474
Burkina Faso,18557,18664.9992,18773.62694,18882.88687,18992.78269,19103.31808,19209.0435,19315.35405,19422.25296,19529.74349,19637.82892,19741.55411,19845.82718,19950.651,20056.02849,20161.96257,20263.87408,20366.30072,20469.24508,20572.70979,20676.69748,20776.50744,20876.7992,20977.57509,21078.83744,21180.5886,21277.46788,21374.7903,21472.55786,21570.7726,21669.43658,21762.42048,21855.80337,21949.58698,22043.77301,22138.36319
Burundi,9070,9100.898855,9131.902973,9163.012713,9194.228435,9225.5505,9251.421051,9277.364149,9303.379998,9329.4688,9355.630762,9377.402658,9399.22522,9421.098567,9443.022816,9464.998086,9484.622664,9504.287932,9523.993973,9543.740873,9563.528716,9582.010391,9600.527782,9619.080959,9637.66999,9656.294944,9673.077088,9689.888399,9706.728926,9723.598722,9740.497836,9754.580777,9768.684078,9782.807771,9796.951883,9811.116445
Cambodia,14834,14867.58014,14901.23629,14934.96864,14968.77734,15002.66258,15031.80434,15061.00271,15090.25779,15119.5697,15148.93854,15172.91901,15196.93745,15220.9939,15245.08844,15269.22111,15288.22971,15307.26198,15326.31794,15345.39762,15364.50105,15379.65127,15394.81643,15409.99654,15425.19162,15440.40169,15452.18017,15463.96764,15475.7641,15487.56956,15499.38402,15507.59,15515.80033,15524.015,15532.23402,15540.45739
Cameroon,21363,21448.0288,21533.39602,21619.10302,21705.15116,21791.54178,21871.10792,21950.96457,22031.11279,22111.55366,22192.28823,22268.02226,22344.01475,22420.26657,22496.7786,22573.55175,22646.22067,22719.12353,22792.26109,22865.63408,22939.24328,23008.19578,23077.35554,23146.72319,23216.29935,23286.08464,23350.463,23415.01935,23479.75417,23544.66796,23609.76122,23669.0537,23728.49508,23788.08574,23847.82606,23907.7164
Canada,35312,35371.54674,35431.19389,35490.94162,35550.79011,35610.73952,35664.0669,35717.47413,35770.96134,35824.52865,35878.17617,35924.34007,35970.56337,36016.84614,36063.18846,36109.59041,36148.14525,36186.74126,36225.37848,36264.05695,36302.77672,36336.11399,36369.48187,36402.8804,36436.3096,36469.76949,36500.35276,36530.96168,36561.59626,36592.25654,36622.94252,36652.41315,36681.90749,36711.42556,36740.96738,36770.53298
Cape Verde,513,513.9363913,514.8744919,515.8143047,516.7558331,517.69908,518.5628213,519.4280036,520.2946295,521.1627012,522.0322213,522.7745252,523.5178846,524.2623011,525.007776,525.754311,526.3502156,526.9467955,527.5440517,528.1419847,528.7405955,529.1850473,529.6298726,530.0750719,530.5206454,530.9665934,531.2699595,531.5734988,531.8772116,532.1810979,532.4851579,532.6565078,532.8279128,532.999373,533.1708884,533.342459
Central African Republic,4761,4779.124672,4797.318343,4815.581275,4833.913733,4852.31598,4869.803385,4887.353814,4904.967493,4922.64465,4940.385515,4956.93327,4973.536452,4990.195245,5006.909837,5023.680415,5039.217703,5054.803045,5070.436589,5086.118485,5101.848882,5116.468385,5131.12978,5145.833188,5160.57873,5175.366524,5189.050099,5202.769852,5216.525881,5230.31828,5244.147146,5256.72506,5269.333142,5281.971464,5294.640099,5307.339119
Chad,12459,12520.31475,12581.93126,12643.85099,12706.07546,12768.60615,12831.56978,12894.84388,12958.43,13022.32967,13086.54444,13147.68658,13209.11439,13270.82919,13332.83233,13395.12516,13453.5518,13512.23327,13571.17071,13630.36521,13689.81791,13745.03351,13800.47181,13856.1337,13912.0201,13968.13191,14019.95877,14071.97792,14124.19008,14176.59597,14229.1963,14277.64296,14326.25457,14375.03169,14423.97489,14473.08472
Chile,17725,17751.08521,17777.20881,17803.37085,17829.5714,17855.8105,17877.07961,17898.37405,17919.69386,17941.03906,17962.40969,17978.51104,17994.62683,18010.75706,18026.90175,18043.06091,18054.23376,18065.41353,18076.60022,18087.79384,18098.9944,18105.61379,18112.23559,18118.85983,18125.48648,18132.11556,18134.58085,18137.04649,18139.51245,18141.97876,18144.4454,18143.2477,18142.05009,18140.85256,18139.6551,18138.45773
China,1364775,1365489.394,1366204.162,1366919.303,1367634.82,1368350.711,1368643.412,1368936.177,1369229.004,1369521.893,1369814.846,1369729.907,1369644.973,1369560.044,1369475.121,1369390.203,1368935.263,1368480.475,1368025.837,1367571.351,1367117.015,1366290.277,1365464.039,1364638.301,1363813.062,1362988.322,1361805.924,1360624.553,1359444.206,1358264.883,1357086.583,1355587.766,1354090.605,1352595.097,1351101.242,1349609.036
Colombia,48770,48877.88854,48986.01576,49094.38217,49202.9883,49311.8347,49404.09644,49496.5308,49589.1381,49681.91867,49774.87283,49851.88476,49929.01584,50006.26625,50083.63619,50161.12584,50223.27178,50285.49471,50347.79474,50410.17194,50472.62643,50520.48458,50568.38811,50616.33707,50664.33148,50712.37141,50746.80902,50781.27001,50815.75441,50850.26222,50884.79347,50907.1631,50929.54257,50951.93187,50974.33102,50996.74002
Comoros,813,816.6882968,820.3933261,824.1151639,827.8538863,831.60957,835.215621,838.8373087,842.4747009,846.1278656,849.7968713,853.4467047,857.112214,860.7934664,864.4905296,868.2034715,871.8589516,875.5298226,879.2161495,882.9179972,886.6354312,890.1556818,893.689909,897.2381682,900.8005153,904.3770062,907.6701901,910.9753657,914.2925767,917.621867,920.9632805,924.0425822,927.1321798,930.2321077,933.3424004,936.4630925
Congo,4413,4434.544694,4456.194571,4477.950145,4499.811932,4521.78045,4542.294187,4562.900988,4583.601275,4604.395472,4625.284005,4644.603631,4664.003954,4683.485312,4703.048042,4722.692486,4740.792256,4758.961394,4777.200166,4795.508838,4813.887678,4830.733503,4847.638279,4864.602212,4881.62551,4898.708378,4914.342914,4930.027347,4945.761839,4961.546548,4977.381635,4991.792086,5006.244259,5020.738273,5035.27425,5049.852312
"Congo, Dem. Rep.",73291,73593.81763,73897.88642,74203.21154,74509.79817,74817.65153,75135.16468,75454.02529,75774.2391,76095.81184,76418.74927,76729.5281,77041.5708,77354.88251,77669.4684,77985.33363,78288.66724,78593.1807,78898.8786,79205.76555,79513.84617,79805.26731,80097.75652,80391.31771,80685.95481,80981.67177,81257.71257,81534.69431,81812.62019,82091.49343,82371.31726,82630.79442,82891.08897,83152.20346,83414.14049,83676.90264
Costa Rica,4925,4935.895039,4946.814181,4957.757477,4968.724983,4979.71675,4988.400913,4997.10022,5005.814698,5014.544373,5023.289272,5029.932558,5036.584631,5043.245501,5049.91518,5056.593679,5061.458865,5066.328731,5071.203283,5076.082525,5080.966461,5084.285075,5087.605857,5090.928807,5094.253928,5097.581221,5099.486292,5101.392075,5103.29857,5105.205778,5107.113698,5107.685567,5108.2575,5108.829496,5109.401557,5109.973682
Cote d'Ivoire,21533,21624.467,21716.32254,21808.56825,21901.20581,21994.23686,22082.86037,22171.84098,22261.18012,22350.87925,22440.93981,22525.48616,22610.35103,22695.53563,22781.04117,22866.86885,22946.61908,23026.64744,23106.95491,23187.54246,23268.41107,23343.17906,23418.1873,23493.43657,23568.92763,23644.66127,23714.37899,23784.30227,23854.43173,23924.76797,23995.3116,24059.7519,24124.36525,24189.15212,24254.11299,24319.24831
Cuba,11236,11233.68443,11231.36934,11229.05472,11226.74058,11224.42692,11221.46211,11218.49807,11215.53483,11212.57236,11209.61068,11204.87622,11200.14377,11195.41331,11190.68486,11185.9584,11178.49861,11171.04379,11163.59395,11156.14907,11148.70916,11138.43342,11128.16715,11117.91035,11107.663,11097.42509,11084.43292,11071.45595,11058.49417,11045.54757,11032.61613,11017.08266,11001.57106,10986.0813,10970.61334,10955.16717
Cyprus,1153,1155.049652,1157.102947,1159.159893,1161.220495,1163.28476,1164.948147,1166.613912,1168.282059,1169.952591,1171.625512,1173.037428,1174.451046,1175.866368,1177.283395,1178.70213,1179.657685,1180.614016,1181.571121,1182.529003,1183.48766,1184.050465,1184.613537,1185.176877,1185.740485,1186.304361,1186.532044,1186.759771,1186.987541,1187.215355,1187.443213,1187.3387,1187.234196,1187.129701,1187.025215,1186.920738
Denmark,5628,5631.507497,5635.017181,5638.529051,5642.043111,5645.55936,5648.807463,5652.057434,5655.309275,5658.562987,5661.818571,5664.398009,5666.978622,5669.560411,5672.143376,5674.727517,5676.24753,5677.767949,5679.288776,5680.81001,5682.331652,5682.84297,5683.354334,5683.865744,5684.3772,5684.888701,5684.706773,5684.524851,5684.342935,5684.161024,5683.979119,5683.456097,5682.933123,5682.410197,5681.887319,5681.364489
Dominican Republic,10433,10454.81786,10476.68134,10498.59054,10520.54557,10542.5465,10561.18297,10579.85239,10598.55481,10617.29029,10636.05889,10651.60583,10667.1755,10682.76793,10698.38315,10714.0212,10726.35674,10738.70649,10751.07045,10763.44865,10775.8411,10784.94208,10794.05074,10803.16709,10812.29115,10821.42291,10827.36816,10833.31667,10839.26845,10845.2235,10851.18182,10854.13174,10857.08246,10860.03398,10862.9863,10865.93943
Ecuador,15253,15287.71002,15322.49904,15357.36721,15392.31474,15427.34179,15457.43093,15487.57875,15517.78537,15548.0509,15578.37547,15603.80966,15629.28538,15654.80269,15680.36166,15705.96236,15726.70221,15747.46944,15768.2641,15789.08622,15809.93583,15826.06066,15842.20194,15858.35967,15874.53389,15890.7246,15902.33962,15913.96313,15925.59513,15937.23564,15948.88466,15956.27808,15963.67493,15971.07521,15978.47893,15985.88607
Egypt,86788,87038.238,87289.19751,87540.88063,87793.28943,88046.426,88264.92661,88483.96946,88703.55589,88923.68727,89144.36493,89335.73676,89527.51941,89719.71378,89912.32074,90105.34119,90274.10586,90443.18662,90612.58407,90782.2988,90952.33139,91099.01835,91245.94188,91393.10237,91540.5002,91688.13575,91811.21709,91934.46366,92057.87567,92181.45334,92305.19691,92403.20131,92501.30976,92599.52238,92697.83927,92796.26056
El Salvador,6342,6350.790975,6359.594136,6368.409499,6377.237081,6386.0769,6395.106784,6404.149437,6413.204876,6422.273119,6431.354185,6440.320184,6449.298683,6458.289699,6467.293249,6476.309351,6483.327396,6490.353047,6497.38631,6504.427196,6511.475711,6516.780425,6522.08946,6527.402821,6532.72051,6538.042532,6541.778021,6545.515645,6549.255404,6552.9973,6556.741333,6558.890535,6561.040441,6563.191052,6565.342368,6567.494389
Estonia,1338,1337.708189,1337.416441,1337.124757,1336.833137,1336.54158,1336.00118,1335.460999,1334.921037,1334.381292,1333.841766,1333.024454,1332.207642,1331.391332,1330.575521,1329.76021,1328.878741,1327.997856,1327.117555,1326.237838,1325.358704,1324.644892,1323.931465,1323.218423,1322.505764,1321.793489,1321.248461,1320.703657,1320.159078,1319.614724,1319.070594,1318.553113,1318.035834,1317.518759,1317.001886,1316.485216
Ethiopia,90179,90514.84083,90851.93238,91190.27931,91529.8863,91870.75804,92179.74698,92489.77514,92800.84602,93112.96313,93426.12997,93704.18774,93983.07308,94262.78844,94543.3363,94824.71914,95067.55106,95311.00485,95555.08208,95799.78435,96045.11327,96253.39422,96462.12685,96671.31212,96880.95103,97091.04456,97268.45996,97446.19956,97624.26394,97802.6537,97981.36944,98131.01907,98280.89726,98431.00437,98581.34074,98731.90673
Fiji,889,890.0447834,891.0907946,892.1380352,893.1865065,894.23621,894.9344116,895.6331583,896.3324506,897.0322889,897.7326736,898.3834832,899.0347646,899.6865182,900.3387443,900.9914432,901.6338344,902.2766836,902.9199912,903.5637574,904.2079826,904.8021701,905.3967479,905.9917165,906.5870761,907.1828269,907.6920916,908.2016421,908.7114787,909.2216015,909.7320106,910.1482868,910.5647534,910.9814106,911.3982584,911.8152969
Finland,5434,5437.007106,5440.015876,5443.026311,5446.038412,5449.05218,5451.382381,5453.713578,5456.045771,5458.378963,5460.713152,5462.044916,5463.377005,5464.709419,5466.042158,5467.375222,5467.670428,5467.96565,5468.260889,5468.556143,5468.851413,5468.545123,5468.23885,5467.932595,5467.626356,5467.320135,5467.002993,5466.68587,5466.368766,5466.05168,5465.734612,5465.734612,5465.734612,5465.734612,5465.734612,5465.734612
France,64100,64157.4587,64214.9689,64272.53065,64330.144,64387.809,64439.36539,64490.96307,64542.60206,64594.28239,64646.00411,64693.90042,64741.83222,64789.79953,64837.80238,64885.84079,64929.64444,64973.47765,65017.34046,65061.23288,65105.15493,65143.91143,65182.69101,65221.49367,65260.31942,65299.16829,65333.0886,65367.02653,65400.98209,65434.95529,65468.94613,65499.42627,65529.92059,65560.42911,65590.95184,65621.48877
Gabon,1625,1631.006925,1637.036056,1643.087474,1649.161261,1655.2575,1660.951996,1666.666082,1672.399827,1678.153297,1683.92656,1689.217779,1694.525624,1699.850147,1705.191402,1710.549439,1715.474745,1720.414232,1725.367942,1730.335916,1735.318195,1739.975022,1744.644347,1749.326202,1754.02062,1758.727637,1763.127014,1767.537395,1771.958809,1776.391282,1780.834844,1784.926168,1789.026892,1793.137037,1797.256625,1801.385678
Gambia,1926,1935.640854,1945.329968,1955.067581,1964.853937,1974.68928,1983.946311,1993.246737,2002.590763,2011.978591,2021.410428,2030.247248,2039.122698,2048.036948,2056.990168,2065.982528,2074.351916,2082.755209,2091.192544,2099.664058,2108.169892,2116.012741,2123.884767,2131.786079,2139.716785,2147.676995,2154.989269,2162.32644,2169.688592,2177.07581,2184.488179,2191.253016,2198.038802,2204.845602,2211.673481,2218.522505
Georgia,4252,4246.047566,4240.103464,4234.167684,4228.240213,4222.32104,4215.628591,4208.94675,4202.275499,4195.614823,4188.964704,4181.869738,4174.786789,4167.715837,4160.656862,4153.609842,4146.541302,4139.484792,4132.44029,4125.407776,4118.38723,4111.486436,4104.597205,4097.719518,4090.853355,4083.998697,4077.221306,4070.455163,4063.700247,4056.956542,4050.224028,4043.706526,4037.199513,4030.702971,4024.216882,4017.741231
Germany,81626,81606.56376,81587.13214,81567.70516,81548.2828,81528.86506,81502.2693,81475.68222,81449.10382,81422.53408,81395.97301,81360.77953,81325.60127,81290.43821,81255.29036,81220.15771,81178.04201,81135.94815,81093.87612,81051.82591,81009.7975,80962.27002,80914.77043,80867.29871,80819.85483,80772.43879,80720.19225,80667.9795,80615.80053,80563.65531,80511.54382,80456.55989,80401.61352,80346.70467,80291.83333,80236.99945
Ghana,26722,26832.82827,26944.1162,27055.86569,27168.07866,27280.75702,27385.31082,27490.26532,27595.62206,27701.38259,27807.54844,27906.72322,28006.2517,28106.13515,28206.37483,28306.97201,28401.28306,28495.90833,28590.84886,28686.10571,28781.67993,28870.52562,28959.64556,29049.04061,29138.71161,29228.65942,29310.79667,29393.16475,29475.76429,29558.59595,29641.66038,29716.57061,29791.67016,29866.95949,29942.4391,30018.10946
Greece,11471,11474.04966,11477.10014,11480.15142,11483.20352,11486.25643,11487.61149,11488.96671,11490.32209,11491.67762,11493.03332,11493.7458,11494.45832,11495.17089,11495.88351,11496.59616,11497.33185,11498.06758,11498.80337,11499.5392,11500.27507,11501.10297,11501.93093,11502.75895,11503.58703,11504.41517,11504.73728,11505.05939,11505.38152,11505.70365,11506.02579,11505.1512,11504.27667,11503.40222,11502.52782,11501.6535
Guatemala,15926,16000.90865,16076.16964,16151.78463,16227.75527,16304.08324,16375.42243,16447.07377,16519.03862,16591.31836,16663.91436,16731.19106,16798.73938,16866.56041,16934.65525,17003.02501,17066.17944,17129.56844,17193.19288,17257.05365,17321.15161,17380.26226,17439.57464,17499.08943,17558.80731,17618.729,17673.81202,17729.06725,17784.49523,17840.0965,17895.8716,17946.69275,17997.65821,18048.76841,18100.02375,18151.42465
Guinea,11034,11086.61352,11139.47792,11192.5944,11245.96415,11299.58838,11350.82847,11402.30092,11454.00677,11505.9471,11558.12296,11607.6736,11657.43668,11707.41308,11757.60375,11808.00958,11855.63521,11903.45294,11951.46353,11999.66776,12048.06642,12093.57624,12139.25797,12185.11226,12231.13976,12277.34112,12320.40157,12363.61306,12406.97609,12450.49122,12494.15896,12534.57759,12575.12697,12615.80753,12656.61969,12697.56387
Guinea-Bissau,1647,1653.707722,1660.442763,1667.205233,1673.995245,1680.81291,1687.416831,1694.046699,1700.702616,1707.384684,1714.093006,1720.567744,1727.066939,1733.590684,1740.139072,1746.712196,1753.048544,1759.407877,1765.79028,1772.195835,1778.624627,1784.810197,1791.017279,1797.245948,1803.496278,1809.768345,1815.783708,1821.819066,1827.874484,1833.950029,1840.045769,1845.852983,1851.678525,1857.522452,1863.384823,1869.265696
Guyana,760,760.4114742,760.8231712,761.2350911,761.647234,762.0596,762.5360532,763.0128042,763.4898533,763.9672007,764.4448465,764.8083764,765.1720791,765.5359548,765.9000035,766.2642253,766.3377725,766.4113268,766.4848882,766.5584566,766.6320321,766.3957639,766.1595684,765.9234458,765.6873959,765.4514188,765.0161476,764.581124,764.1463477,763.7118187,763.2775368,762.7516777,762.226181,761.7010463,761.1762734,760.651862
Haiti,10523,10548.0723,10573.20434,10598.39626,10623.6482,10648.96031,10672.13783,10695.36579,10718.6443,10741.97349,10765.35345,10785.7517,10806.18861,10826.66423,10847.17866,10867.73196,10885.41049,10903.11777,10920.85387,10938.61881,10956.41265,10971.36018,10986.32811,11001.31645,11016.32524,11031.35451,11043.52829,11055.71551,11067.91617,11080.1303,11092.3579,11101.70409,11111.05815,11120.4201,11129.78993,11139.16765
Honduras,8231,8260.306924,8289.718196,8319.23419,8348.855276,8378.58183,8405.074411,8431.65076,8458.311141,8485.055822,8511.885067,8535.518646,8559.217845,8582.982845,8606.81383,8630.710982,8651.58242,8672.50433,8693.476836,8714.500058,8735.574121,8753.807609,8772.079155,8790.388839,8808.73674,8827.122938,8842.709458,8858.323501,8873.965114,8889.634347,8905.331247,8918.312938,8931.313553,8944.33312,8957.371666,8970.429218
Hungary,9921,9917.862981,9914.726953,9911.591918,9908.457873,9905.32482,9901.934879,9898.546099,9895.158478,9891.772017,9888.386715,9884.408383,9880.431652,9876.456522,9872.48299,9868.511057,9863.769618,9859.030457,9854.293573,9849.558964,9844.826631,9840.096571,9835.368784,9830.643268,9825.920023,9821.199047,9817.188724,9813.180038,9809.17299,9805.167578,9801.163801,9797.907652,9794.652584,9791.398598,9788.145693,9784.893869
Iceland,337,337.7107616,338.4230222,339.136785,339.8520532,340.56883,341.2033251,341.8390023,342.4758638,343.1139118,343.7531486,344.2952535,344.8382134,345.3820295,345.9267033,346.472236,346.920794,347.3699327,347.8196529,348.2699554,348.7208408,349.0952595,349.4700803,349.8453035,350.2209295,350.5969589,350.9105324,351.2243863,351.5385209,351.8529365,352.1676333,352.4236388,352.6798305,352.9362084,353.1927727,353.4495235
India,1291779,1294782.596,1297793.175,1300810.754,1303835.35,1306866.979,1309504.027,1312146.397,1314794.099,1317447.143,1320105.541,1322384.085,1324666.561,1326952.977,1329243.34,1331537.655,1333465.458,1335396.051,1337329.44,1339265.628,1341204.619,1342780.848,1344358.931,1345938.867,1347520.661,1349104.314,1350332.459,1351561.722,1352792.104,1354023.606,1355256.229,1356144.113,1357032.579,1357921.627,1358811.257,1359701.47
Indonesia,249563,249976.4018,250390.4885,250805.261,251220.7207,251636.8685,251985.6754,252334.9658,252684.7404,253034.9998,253385.7448,253671.9302,253958.4389,254245.2712,254532.4275,254819.9081,255042.2324,255264.7507,255487.4631,255710.3699,255933.4711,256089.4004,256245.4247,256401.544,256557.7585,256714.0682,256802.8298,256891.6222,256980.4452,257069.299,257158.1835,257183.3801,257208.5791,257233.7806,257258.9846,257284.191
Iran (Islamic Republic of),77176,77297.2478,77418.68609,77540.31517,77662.13533,77784.14688,77863.48029,77942.89461,78022.38992,78101.96632,78181.62387,78230.03648,78278.47907,78326.95166,78375.45427,78423.9869,78456.271,78488.56838,78520.87905,78553.20303,78585.54032,78606.74696,78627.95934,78649.17743,78670.40125,78691.6308,78695.09292,78698.5552,78702.01764,78705.48022,78708.94296,78685.31609,78661.69632,78638.08364,78614.47805,78590.87954
Iraq,35872,36075.65153,36280.45922,36486.42965,36693.5694,36901.88512,37099.97657,37299.13138,37499.35527,37700.65398,37903.03326,38087.03868,38271.93738,38457.73369,38644.43197,38832.03661,39008.6616,39186.08995,39364.32533,39543.3714,39723.23185,39891.18544,40059.84916,40229.22601,40399.319,40570.13115,40729.0521,40888.59556,41048.76399,41209.55983,41370.98554,41520.57301,41670.70135,41821.37251,41972.58847,42124.35119
Ireland,4682,4691.085209,4700.188047,4709.308548,4718.446748,4727.60268,4735.227308,4742.864232,4750.513473,4758.175051,4765.848986,4772.455176,4779.070524,4785.695041,4792.328741,4798.971636,4805.13685,4811.309985,4817.49105,4823.680056,4829.877013,4835.899323,4841.929141,4847.966478,4854.011343,4860.063745,4865.833505,4871.610115,4877.393582,4883.183916,4888.981124,4894.162229,4899.348825,4904.540917,4909.738511,4914.941614
Israel,7942,7964.867962,7987.801769,8010.80161,8033.867677,8057.00016,8077.776477,8098.60637,8119.489976,8140.427434,8161.418882,8180.848267,8200.323906,8219.84591,8239.414388,8259.029452,8277.611058,8296.234471,8314.899783,8333.607089,8352.356485,8370.088261,8387.857681,8405.664825,8423.509773,8441.392605,8457.92351,8474.486789,8491.082503,8507.710717,8524.371494,8539.457288,8554.569779,8569.709016,8584.875045,8600.067913
Italy,61177,61178.95754,61180.91514,61182.8728,61184.83053,61186.78832,61179.68901,61172.59051,61165.49285,61158.396,61151.29998,61140.65595,61130.01377,61119.37345,61108.73497,61098.09835,61085.50695,61072.91815,61060.33194,61047.74833,61035.16731,61020.87839,61006.59282,60992.31059,60978.03171,60963.75616,60945.82227,60927.89366,60909.97031,60892.05224,60874.13944,60850.25805,60826.38603,60802.52337,60778.67007,60754.82613
Jamaica,2780,2781.510677,2783.022175,2784.534495,2786.047636,2787.5616,2788.358387,2789.155402,2789.952644,2790.750115,2791.547813,2791.324454,2791.101112,2790.877788,2790.654482,2790.431194,2789.107274,2787.783982,2786.461318,2785.139281,2783.817872,2781.475527,2779.135152,2776.796747,2774.460309,2772.125837,2768.824699,2765.527491,2762.234211,2758.944851,2755.659409,2751.397017,2747.141218,2742.892001,2738.649357,2734.413275
Japan,126226,126174.9634,126123.9475,126072.9522,126021.9775,125971.0235,125888.2779,125805.5866,125722.9496,125640.367,125557.8385,125452.1923,125346.635,125241.1665,125135.7867,125030.4956,124909.4821,124788.5858,124667.8064,124547.144,124426.5983,124296.9246,124167.3861,124037.9826,123908.7139,123779.58,123648.8404,123518.239,123387.7754,123257.4497,123127.2616,123000.9203,122874.7086,122748.6264,122622.6736,122496.85
Jordan,6684,6705.358802,6726.785857,6748.281382,6769.845597,6791.47872,6810.590735,6829.756533,6848.976266,6868.250086,6887.578144,6904.684357,6921.833055,6939.024344,6956.25833,6973.535119,6988.54713,7003.591457,7018.66817,7033.777339,7048.919034,7061.505667,7074.114774,7086.746397,7099.400575,7112.077348,7122.105506,7132.147804,7142.204261,7152.274898,7162.359735,7169.935792,7177.519863,7185.111956,7192.712079,7200.320242
Kazakhstan,16721,16751.62084,16782.29776,16813.03085,16843.82023,16874.66599,16899.16427,16923.69811,16948.26757,16972.87271,16997.51356,17017.11741,17036.74388,17056.39298,17076.06474,17095.75919,17115.40828,17135.07996,17154.77425,17174.49117,17194.23076,17215.87532,17237.54712,17259.24621,17280.97261,17302.72636,17323.85324,17345.00592,17366.18442,17387.38879,17408.61904,17426.51309,17444.42554,17462.3564,17480.30569,17498.27343
Kenya,45121,45346.50545,45573.13794,45800.90309,46029.80656,46259.85404,46473.35265,46687.83659,46903.31042,47119.77871,47337.24604,47543.90693,47751.47005,47959.93932,48169.31871,48379.6122,48581.88222,48784.99791,48988.9628,49193.78045,49399.45442,49595.7819,49792.88964,49990.78074,50189.45832,50388.9255,50575.88675,50763.54171,50951.89293,51140.943,51330.69451,51505.96837,51681.84071,51858.31359,52035.38905,52213.06915
"Korea, Dem. Rep.",24752,24771.72065,24791.45701,24811.20909,24830.97691,24850.76048,24868.97422,24887.20131,24905.44176,24923.69558,24941.96277,24955.56624,24969.17712,24982.79543,24996.42116,25010.05433,25017.65277,25025.25351,25032.85657,25040.46194,25048.06961,25050.57392,25053.07847,25055.58328,25058.08834,25060.59365,25060.14254,25059.69144,25059.24035,25058.78927,25058.33819,25056.43347,25054.52889,25052.62446,25050.72017,25048.81602
Kuwait,3023,3024.684955,3026.370848,3028.057682,3029.745456,3031.43417,3032.452048,3033.470268,3034.48883,3035.507734,3036.526979,3036.782005,3037.037052,3037.29212,3037.54721,3037.802321,3037.109386,3036.416609,3035.72399,3035.031529,3034.339226,3032.63809,3030.937907,3029.238678,3027.540401,3025.843076,3023.272798,3020.704704,3018.138791,3015.575057,3013.013502,3009.800811,3006.591547,3003.385704,3000.18328,2996.98427
Kyrgyzstan,5562,5582.954861,5603.988669,5625.101723,5646.29432,5667.56676,5686.975147,5706.449998,5725.99154,5745.600001,5765.275611,5783.846607,5802.477424,5821.168255,5839.919291,5858.730729,5876.410805,5894.144235,5911.93118,5929.771802,5947.666261,5963.768386,5979.914104,5996.103533,6012.336792,6028.613999,6042.703176,6056.825281,6070.980389,6085.168579,6099.389927,6111.491794,6123.617672,6135.767609,6147.941652,6160.139851
Lao People's Democratic Republic,6541,6558.25545,6575.556421,6592.903033,6610.295405,6627.73366,6642.356054,6657.010709,6671.697695,6686.417085,6701.168949,6713.906266,6726.667794,6739.453578,6752.263665,6765.098101,6777.083899,6789.090933,6801.11924,6813.168857,6825.239823,6836.518731,6847.816279,6859.132495,6870.467413,6881.821061,6891.866676,6901.926956,6912.00192,6922.091592,6932.195991,6940.646507,6949.107324,6957.578455,6966.059912,6974.551709
Latvia,2218,2223.381308,2228.775673,2234.183125,2239.603697,2245.03742,2249.790203,2254.553049,2259.325977,2264.109009,2268.902168,2272.768789,2276.642,2280.521811,2284.408235,2288.301281,2291.213731,2294.129887,2297.049754,2299.973338,2302.900643,2304.974123,2307.049469,2309.126683,2311.205768,2313.286725,2314.686881,2316.087884,2317.489736,2318.892435,2320.295984,2321.098252,2321.900796,2322.703619,2323.506719,2324.310096
Lebanon,4356,4352.71935,4349.441171,4346.165461,4342.892218,4339.62144,4335.769704,4331.921387,4328.076485,4324.234996,4320.396917,4316.440836,4312.488377,4308.539538,4304.594314,4300.652703,4296.317515,4291.986697,4287.660245,4283.338154,4279.02042,4275.119405,4271.221947,4267.328041,4263.437686,4259.550877,4256.197595,4252.846952,4249.498947,4246.153578,4242.810842,4239.666505,4236.524498,4233.38482,4230.247468,4227.112442
Lesotho,2264,2266.651717,2269.30654,2271.964472,2274.625518,2277.28968,2279.435394,2281.58313,2283.73289,2285.884675,2288.038487,2289.551167,2291.064847,2292.579528,2294.09521,2295.611895,2296.414797,2297.21798,2298.021444,2298.825189,2299.629215,2299.767177,2299.905146,2300.043124,2300.18111,2300.319104,2299.886482,2299.45394,2299.02148,2298.589102,2298.156804,2297.195371,2296.234339,2295.27371,2294.313482,2293.353657
Liberia,4450,4458.219877,4466.454937,4474.705209,4482.970721,4491.2515,4498.057543,4504.8739,4511.700587,4518.537619,4525.385011,4530.99163,4536.605195,4542.225714,4547.853197,4553.487652,4558.204391,4562.926015,4567.65253,4572.383941,4577.120253,4581.177537,4585.238417,4589.302896,4593.370979,4597.442667,4600.977259,4604.514568,4608.054597,4611.597347,4615.142821,4618.055912,4620.970841,4623.88761,4626.80622,4629.726673
Libyan Arab Jamahiriya,6549,6581.460902,6614.082701,6646.866194,6679.812181,6712.92147,6744.812195,6776.854422,6809.04887,6841.396263,6873.897327,6905.189802,6936.624731,6968.202764,6999.924552,7031.790748,7062.157811,7092.656015,7123.285927,7154.048115,7184.943151,7213.950699,7243.075359,7272.317603,7301.677906,7331.156744,7358.48802,7385.92119,7413.456634,7441.094732,7468.835868,7494.530514,7520.313556,7546.185299,7572.146046,7598.196105
Lithuania,3266,3275.048796,3284.122662,3293.221668,3302.345884,3311.49538,3318.427063,3325.373256,3332.333989,3339.309292,3346.299196,3351.868944,3357.447962,3363.036266,3368.633872,3374.240795,3379.293748,3384.354268,3389.422367,3394.498054,3399.581343,3404.185487,3408.795866,3413.412489,3418.035364,3422.6645,3426.5234,3430.38665,3434.254256,3438.126223,3442.002555,3444.751762,3447.503164,3450.256765,3453.012564,3455.770565
Madagascar,23197,23179.20381,23161.42128,23143.65239,23125.89713,23108.15549,23090.89103,23073.63946,23056.40079,23039.175,23021.96207,23003.09922,22984.25183,22965.41987,22946.60335,22927.80225,22907.08396,22886.38439,22865.70353,22845.04136,22824.39786,22803.22321,22782.06821,22760.93284,22739.81707,22718.72089,22699.28588,22679.8675,22660.46573,22641.08055,22621.71196,22603.85789,22586.01791,22568.19201,22550.38018,22532.58241
Malawi,16955,17047.17696,17139.85505,17233.037,17326.72553,17420.9234,17511.7449,17603.03989,17694.81084,17787.06022,17879.79052,17967.50221,18055.64418,18144.21854,18233.22741,18322.67293,18406.26431,18490.23705,18574.59289,18659.33358,18744.46086,18824.1934,18904.26509,18984.67738,19065.43171,19146.52955,19222.66099,19299.09515,19375.83324,19452.87645,19530.226,19602.69025,19675.42337,19748.42635,19821.7002,19895.24593
Malaysia,30252,30449.72711,30648.74656,30849.0668,31050.69633,31253.64372,31448.53346,31644.63848,31841.96636,32040.52473,32240.32125,32433.37179,32627.5783,32822.94768,33019.48691,33217.20299,33411.49615,33606.92577,33803.49849,34001.221,34200.10002,34397.40214,34595.84251,34795.42769,34996.16429,35198.05894,35394.37388,35591.78375,35790.29466,35989.91275,36190.6442,36381.37459,36573.11016,36765.85621,36959.61806,37154.40106
Maldives,334,334.9478411,335.8983719,336.8516003,337.8075337,338.76618,339.6370626,340.5101841,341.3855501,342.2631665,343.143039,343.9279824,344.7147213,345.5032599,346.2936023,347.0857526,347.7688995,348.4533911,349.1392299,349.8264186,350.5149598,351.0914103,351.6688089,352.247157,352.8264563,353.4067082,353.8895542,354.3730599,354.8572262,355.342054,355.8275442,356.2365163,356.6459585,357.0558713,357.4662552,357.8771108
Mali,17307,17345.11483,17383.31361,17421.59651,17459.96372,17498.41542,17528.30542,17558.24647,17588.23867,17618.28209,17648.37684,17670.03114,17691.71201,17713.41948,17735.15358,17756.91436,17772.5484,17788.19621,17803.8578,17819.53317,17835.22235,17847.19154,17859.16877,17871.15403,17883.14734,17895.1487,17903.69441,17912.24421,17920.79809,17929.35605,17937.9181,17941.5401,17945.16283,17948.78629,17952.41048,17956.0354
Malta,421,423.3637456,425.7407627,428.1311257,430.5349097,432.95219,435.2754548,437.6111864,439.9594519,442.3203183,444.6938534,446.9825809,449.2830878,451.5954349,453.9196831,456.2558936,458.4994863,460.7541116,463.0198239,465.2966776,467.5847274,469.7592504,471.9438861,474.1386816,476.3436841,478.558941,480.6406677,482.7314499,484.8313269,486.9403384,489.0585241,491.032985,493.0154172,495.0058531,497.0043249,499.0108651
Mauritania,3788,3789.657692,3791.31611,3792.975254,3794.635124,3796.29572,3797.267074,3798.238678,3799.210529,3800.182629,3801.154979,3801.230999,3801.30702,3801.383043,3801.459068,3801.535094,3800.736436,3799.937946,3799.139624,3798.341469,3797.543482,3796.084104,3794.625287,3793.167031,3791.709335,3790.252199,3788.537454,3786.823485,3785.110291,3783.397873,3781.686229,3780.051127,3778.416732,3776.783044,3775.150062,3773.517786
Mauritius,1327,1332.532385,1338.087835,1343.666447,1349.268316,1354.89354,1360.174238,1365.475518,1370.797459,1376.140142,1381.503649,1386.561464,1391.637797,1396.732714,1401.846285,1406.978576,1411.818931,1416.675938,1421.549655,1426.440138,1431.347445,1435.935465,1440.538191,1445.155671,1449.787951,1454.43508,1458.729319,1463.036238,1467.355872,1471.688261,1476.033441,1480.017826,1484.012968,1488.018893,1492.035632,1496.063214
Mexico,118785,118882.0076,118979.0943,119076.2604,119173.5058,119270.8307,119341.3555,119411.9221,119482.5304,119553.1805,119623.8723,119667.6226,119711.389,119755.1713,119798.9696,119842.784,119857.8804,119872.9787,119888.0789,119903.181,119918.2849,119904.6111,119890.9389,119877.2682,119863.5991,119849.9315,119811.315,119772.7109,119734.1192,119695.5399,119656.9731,119598.5235,119540.1023,119481.7097,119423.3457,119365.0101
Mongolia,2930,2935.575044,2941.160696,2946.756975,2952.363903,2957.9815,2962.669805,2967.365542,2972.06872,2976.779354,2981.497453,2985.393022,2989.29368,2993.199435,2997.110293,3001.026261,3004.104993,3007.186883,3010.271935,3013.360151,3016.451536,3018.686429,3020.922978,3023.161184,3025.401048,3027.642571,3029.046096,3030.450271,3031.855096,3033.260574,3034.666702,3035.29765,3035.92873,3036.559941,3037.191282,3037.822756
Morocco,33251,33213.74198,33176.52571,33139.35114,33102.21822,33065.12691,33026.81494,32988.54737,32950.32413,32912.14519,32874.01048,32826.46884,32778.99597,32731.59174,32684.25607,32636.98886,32585.12731,32533.34817,32481.65131,32430.0366,32378.50391,32326.20585,32273.99225,32221.863,32169.81794,32117.85695,32063.91074,32010.05515,31956.29001,31902.61517,31849.03049,31790.14725,31731.37287,31672.70716,31614.14991,31555.70092
Mozambique,25590,25659.68486,25729.55949,25799.62439,25869.88009,25940.3271,25998.17485,26056.15161,26114.25765,26172.49327,26230.85876,26277.64481,26324.5143,26371.46738,26418.50422,26465.62495,26508.04547,26550.53398,26593.0906,26635.71542,26678.40857,26721.06412,26763.78787,26806.57993,26849.4404,26892.36941,26932.96173,26973.61532,27014.33028,27055.10669,27095.94465,27130.2155,27164.52971,27198.88731,27233.28837,27267.73294
Myanmar,49513,49599.73941,49686.63078,49773.67437,49860.87044,49948.21927,50022.22271,50096.3358,50170.55869,50244.89155,50319.33454,50378.87221,50438.48033,50498.15898,50557.90824,50617.72819,50659.46954,50701.2453,50743.05552,50784.90021,50826.77941,50854.19628,50881.62793,50909.07439,50936.53564,50964.01171,50979.80077,50995.59472,51011.39356,51027.1973,51043.00593,51047.80307,51052.60067,51057.39871,51062.1972,51066.99615
Namibia,2445,2455.573247,2466.192217,2476.857109,2487.56812,2498.32545,2508.824735,2519.368143,2529.95586,2540.588072,2551.264966,2561.545025,2571.866507,2582.229577,2592.634405,2603.081158,2612.831863,2622.619093,2632.442983,2642.303673,2652.201299,2661.3046,2670.439148,2679.605048,2688.802408,2698.031338,2706.583666,2715.163105,2723.769739,2732.403654,2741.064937,2749.174223,2757.307499,2765.464837,2773.646308,2781.851984
Nepal,32060,32104.95014,32149.9633,32195.03957,32240.17904,32285.3818,32322.42489,32359.51048,32396.63862,32433.80936,32471.02275,32498.44687,32525.89415,32553.36462,32580.85828,32608.37517,32625.44408,32642.52193,32659.60871,32676.70444,32693.80911,32702.37041,32710.93394,32719.49972,32728.06774,32736.638,32738.20921,32739.7805,32741.35185,32742.92329,32744.4948,32740.23691,32735.97957,32731.72278,32727.46655,32723.21088
Netherlands,16806,16854.98876,16904.12032,16953.39509,17002.8135,17052.37596,17098.98045,17145.71231,17192.57189,17239.55954,17286.67561,17328.71923,17370.86511,17413.1135,17455.46464,17497.91878,17534.51104,17571.17983,17607.9253,17644.74761,17681.64693,17713.28971,17744.98912,17776.74525,17808.55822,17840.42812,17867.74722,17895.10816,17922.51099,17949.95578,17977.44261,18000.60968,18023.8066,18047.03342,18070.29017,18093.57689
New Zealand,4555,4568.817772,4582.67746,4596.579193,4610.523097,4624.5093,4637.093285,4649.711513,4662.364077,4675.05107,4687.772587,4698.793167,4709.839655,4720.912113,4732.010602,4743.135181,4752.517854,4761.919086,4771.338916,4780.777379,4790.234514,4798.131482,4806.041468,4813.964494,4821.900582,4829.849753,4836.38134,4842.921759,4849.471024,4856.029145,4862.596135,4867.836432,4873.082376,4878.333974,4883.591231,4888.854154
Nicaragua,6128,6130.742887,6133.487003,6136.232346,6138.978918,6141.72672,6143.972948,6146.219998,6148.46787,6150.716564,6152.96608,6154.601899,6156.238153,6157.874842,6159.511966,6161.149525,6161.913318,6162.677206,6163.441188,6164.205266,6164.969437,6164.685823,6164.402221,6164.118633,6163.835057,6163.551495,6162.367638,6161.184009,6160.000607,6158.817432,6157.634485,6156.057323,6154.480565,6152.90421,6151.32826,6149.752713
Niger,17857,17890.69377,17924.45111,17958.27215,17992.157,18026.10579,18056.36003,18086.66504,18117.02092,18147.42774,18177.8856,18203.26368,18228.67719,18254.12618,18279.6107,18305.1308,18325.62322,18346.13859,18366.67692,18387.23824,18407.82258,18424.69002,18441.57292,18458.47129,18475.38514,18492.31449,18506.45795,18520.61223,18534.77733,18548.95327,18563.14005,18574.74606,18586.35932,18597.97984,18609.60763,18621.24268
Nigeria,175288,175712.5891,176138.2066,176564.8551,176992.5371,177421.255,177779.9667,178139.4036,178499.5673,178860.4592,179222.0807,179517.5383,179813.4829,180109.9154,180406.8366,180704.2473,180938.914,181173.8854,181409.1619,181644.744,181880.632,182055.2655,182230.0666,182405.0356,182580.1726,182755.4778,182871.1981,182986.9917,183102.8587,183218.799,183334.8127,183392.7099,183450.6254,183508.5592,183566.5113,183624.4817
Norway,5022,5056.95527,5092.153843,5127.597414,5163.287687,5199.22638,5234.190866,5269.390485,5304.826821,5340.501463,5376.416015,5411.273388,5446.356755,5481.66758,5517.20734,5552.977517,5587.539465,5622.316529,5657.310046,5692.521364,5727.951839,5762.026286,5796.303435,5830.784492,5865.47067,5900.363189,5933.756736,5967.339276,6001.111879,6035.075621,6069.231583,6101.716515,6134.37532,6167.208927,6200.218273,6233.404298
Pakistan,186427,187355.0686,188287.7574,189225.0892,190167.0873,191113.7748,192020.1888,192930.9017,193845.934,194765.3061,195689.0385,196581.4234,197477.8776,198378.42,199283.0689,200191.8433,201071.7254,201955.4747,202843.1083,203734.6431,204630.0965,205492.8774,206359.2961,207229.3679,208103.1081,208980.5323,209817.6621,210658.1452,211501.9951,212349.2253,213199.8493,214002.2406,214807.6518,215616.0943,216427.5793,217242.1184
Panama,3728,3733.078592,3738.164103,3743.256541,3748.355917,3753.46224,3758.456053,3763.45651,3768.46362,3773.477391,3778.497833,3783.073832,3787.655374,3792.242463,3796.835108,3801.433315,3805.302891,3809.176406,3813.053864,3816.935269,3820.820625,3824.078047,3827.338246,3830.601224,3833.866984,3837.135529,3840.062631,3842.991967,3845.923536,3848.857343,3851.793387,3854.593418,3857.395486,3860.19959,3863.005732,3865.813915
Paraguay,6913,6934.87215,6956.813502,6978.824274,7000.904687,7023.05496,7043.054756,7063.111507,7083.225374,7103.396519,7123.625107,7140.851996,7158.120543,7175.430852,7192.783021,7210.177152,7224.92639,7239.705799,7254.515441,7269.355378,7284.225671,7296.870813,7309.537907,7322.22699,7334.9381,7347.671277,7358.236194,7368.816301,7379.411621,7390.022176,7400.647987,7408.962414,7417.286181,7425.6193,7433.961781,7442.313635
Peru,30417,30495.79656,30574.79724,30654.00258,30733.4131,30813.02934,30884.18616,30955.50731,31026.99315,31098.64409,31170.46048,31233.41933,31296.50534,31359.71878,31423.0599,31486.52895,31540.56298,31594.68973,31648.90938,31703.22207,31757.62796,31802.72258,31847.88123,31893.104,31938.39098,31983.74227,32020.50295,32057.30587,32094.15109,32131.03866,32167.96863,32197.25245,32226.56293,32255.9001,32285.26397,32314.65457
Philippines,99763,100073.3216,100384.6085,100696.8637,101010.0902,101324.291,101606.4234,101889.3415,102173.0473,102457.5431,102742.831,102994.5475,103246.8806,103499.8319,103753.403,104007.5953,104230.05,104452.9804,104676.3877,104900.2729,105124.6368,105320.2801,105516.2875,105712.6596,105909.3972,106106.501,106276.5741,106446.9199,106617.5387,106788.431,106959.5972,107104.2427,107249.0838,107394.1207,107539.3538,107684.7833
Poland,38345,38425.9489,38507.06869,38588.35973,38669.82238,38751.457,38826.80625,38902.30201,38977.94457,39053.73421,39129.67122,39194.02317,39258.48094,39323.04473,39387.71469,39452.49101,39505.3732,39558.32627,39611.35033,39664.44545,39717.61175,39758.75331,39799.93748,39841.16432,39882.43386,39923.74615,39953.48493,39983.24586,40013.02896,40042.83424,40072.66173,40091.55819,40110.46357,40129.37786,40148.30107,40167.23321
Portugal,10704,10737.54945,10771.20405,10804.96414,10838.83004,10872.80208,10904.49582,10936.28195,10968.16074,11000.13245,11032.19736,11061.78107,11091.44412,11121.18671,11151.00906,11180.91138,11207.9499,11235.05382,11262.22327,11289.45843,11316.75945,11341.07629,11365.44538,11389.86684,11414.34077,11438.86729,11460.60983,11482.39371,11504.21899,11526.08575,11547.99408,11567.23808,11586.51415,11605.82234,11625.16271,11644.53531
Republic of Korea,48955,48955.88116,48956.76233,48957.64352,48958.52473,48959.40595,48951.96186,48944.5189,48937.07707,48929.63637,48922.1968,48901.92622,48881.66404,48861.41025,48841.16486,48820.92785,48786.11775,48751.33246,48716.57198,48681.83628,48647.12535,48604.92378,48562.75883,48520.63045,48478.53862,48436.4833,48394.75609,48353.06483,48311.40948,48269.79002,48228.20642,48190.23932,48152.30211,48114.39476,48076.51725,48038.66957
Republic of Moldova,3475,3473.977749,3472.955798,3471.934148,3470.912799,3469.89175,3467.953386,3466.016105,3464.079906,3462.144788,3460.210752,3457.986439,3455.763556,3453.542101,3451.322075,3449.103476,3446.637291,3444.172871,3441.710212,3439.249314,3436.790176,3433.912204,3431.036641,3428.163486,3425.292738,3422.424393,3418.93325,3415.445668,3411.961643,3408.481173,3405.004253,3400.853661,3396.708129,3392.56765,3388.432218,3384.301827
Romania,21290,21279.08834,21268.18227,21257.2818,21246.38691,21235.4976,21222.91127,21210.33241,21197.761,21185.19704,21172.64053,21157.28929,21141.94918,21126.6202,21111.30233,21095.99557,21078.88006,21061.77844,21044.6907,21027.61682,21010.55679,20992.33005,20974.11912,20955.92399,20937.74465,20919.58108,20900.17357,20880.78406,20861.41255,20842.059,20822.72342,20801.44078,20780.17989,20758.94073,20737.72329,20716.52753
Russian Federation,142400,142351.551,142303.1186,142254.7026,142206.3031,142157.92,142077.0824,141996.2908,141915.5451,141834.8454,141754.1915,141646.8629,141539.6156,141432.4495,141325.3646,141218.3607,141106.6215,140994.9707,140883.4083,140771.9341,140660.5481,140555.1763,140449.8834,140344.6694,140239.5341,140134.4777,140028.6566,139922.9154,139817.2541,139711.6725,139606.1707,139490.3849,139374.6951,139259.1013,139143.6033,139028.2012
Rwanda,11951,12013.84322,12077.01689,12140.52276,12204.36257,12268.53807,12325.40074,12382.52697,12439.91796,12497.57495,12555.49918,12609.15285,12663.03581,12717.14903,12771.49349,12826.07018,12879.1648,12932.4792,12986.0143,13039.77102,13093.75027,13146.94824,13200.36234,13253.99346,13307.84248,13361.91027,13413.38311,13465.05423,13516.9244,13568.99438,13621.26495,13668.71659,13716.33352,13764.11634,13812.06562,13860.18194
Sao Tome and Principe,180,180.646933,181.2961911,181.9477828,182.6017162,183.258,183.861693,184.4673747,185.0750517,185.6847304,186.2964176,186.8740691,187.4535116,188.0347509,188.6177924,189.2026418,189.7391959,190.2772715,190.8168732,191.358005,191.9006714,192.389441,192.8794555,193.370718,193.8632318,194.357,194.7950453,195.2340778,195.6740998,196.1151135,196.5571213,196.9428221,197.3292798,197.7164958,198.1044717,198.4932089
Saudi Arabia,29927,30038.21698,30149.84728,30261.89243,30374.35396,30487.23344,30580.80191,30674.65755,30768.80124,30863.23387,30957.95632,31032.39194,31107.00652,31181.80052,31256.77434,31331.92844,31394.03229,31456.25924,31518.60953,31581.08341,31643.68112,31696.79051,31749.98903,31803.27684,31856.65409,31910.12092,31954.98784,31999.91785,32044.91103,32089.96748,32135.08727,32170.99822,32206.9493,32242.94055,32278.97202,32315.04376
Senegal,13805,13871.69327,13938.70873,14006.04796,14073.71251,14141.70395,14205.6377,14269.8605,14334.37364,14399.17844,14464.27622,14525.88763,14587.76149,14649.89889,14712.30098,14774.96887,14834.27045,14893.81004,14953.58861,15013.6071,15073.86649,15130.21186,15186.76785,15243.53524,15300.51482,15357.7074,15410.29934,15463.07138,15516.02413,15569.15823,15622.47427,15671.06936,15719.8156,15768.71347,15817.76345,15866.96599
Sierra Leone,6384,6408.617632,6433.330193,6458.13805,6483.041569,6508.04112,6531.136359,6554.313557,6577.573004,6600.914992,6624.339815,6646.292628,6668.318192,6690.416747,6712.588537,6734.833803,6755.370643,6775.970106,6796.632385,6817.35767,6838.146153,6856.997272,6875.900358,6894.855555,6913.863008,6932.922859,6949.908284,6966.935322,6984.004076,7001.114647,7018.26714,7033.514603,7048.795192,7064.108979,7079.456035,7094.836434
Singapore,5336,5344.595241,5353.204327,5361.827281,5370.464124,5379.11488,5386.806503,5394.509124,5402.222759,5409.947423,5417.683134,5424.201157,5430.727022,5437.260739,5443.802316,5450.351763,5454.66162,5458.974885,5463.291561,5467.611651,5471.935156,5473.608544,5475.282444,5476.956856,5478.63178,5480.307217,5480.066062,5479.824918,5479.583784,5479.342661,5479.101549,5477.950454,5476.799601,5475.64899,5474.49862,5473.348493
Slovenia,2049,2049.516088,2050.032306,2050.548654,2051.065132,2051.58174,2051.635078,2051.688418,2051.741759,2051.795102,2051.848446,2051.524151,2051.199908,2050.875716,2050.551575,2050.227485,2049.66131,2049.095291,2048.529428,2047.963722,2047.398171,2046.746684,2046.095405,2045.444332,2044.793467,2044.142808,2043.455514,2042.768451,2042.08162,2041.395019,2040.708648,2039.957114,2039.205857,2038.454876,2037.704172,2036.953745
Solomon Islands,595,597.7121616,600.4366859,603.1736293,605.9230484,608.685,611.2645628,613.8550577,616.4565308,619.0690289,621.6925985,624.1572624,626.6316974,629.1159421,631.6100355,634.1140166,636.4518148,638.7982318,641.1532993,643.5170493,645.8895139,648.0720302,650.2619215,652.4592126,654.6639286,656.8760945,658.8830306,660.8960984,662.9153168,664.9407044,666.9722801,668.7977678,670.6282518,672.4637458,674.3042635,676.1498186
Somalia,10323,10381.38342,10440.09704,10499.14272,10558.52234,10618.2378,10679.28741,10740.68803,10802.44167,10864.55037,10927.01616,10989.64886,11052.64056,11115.99333,11179.70924,11243.79035,11307.16159,11370.88999,11434.97757,11499.42635,11564.23838,11627.62861,11691.36632,11755.45342,11819.89181,11884.68342,11947.82958,12011.31124,12075.1302,12139.28824,12203.78717,12266.50135,12329.53781,12392.89821,12456.58421,12520.59749
South Africa,51206,51250.88013,51295.79959,51340.75842,51385.75666,51430.79434,51476.28149,51521.80887,51567.37652,51612.98447,51658.63276,51695.15539,51731.70385,51768.27814,51804.87829,51841.50432,51870.08929,51898.69002,51927.30652,51955.9388,51984.58687,52005.7793,52026.98036,52048.19007,52069.40842,52090.63543,52105.83702,52121.04305,52136.25351,52151.46841,52166.68776,52177.9509,52189.21647,52200.48447,52211.75491,52223.02778
Spain,47290,47334.36926,47378.78016,47423.23272,47467.72699,47512.263,47544.71702,47577.19321,47609.69158,47642.21215,47674.75494,47693.8096,47712.87188,47731.94178,47751.0193,47770.10445,47788.4341,47806.77078,47825.1145,47843.46525,47861.82305,47879.1365,47896.45621,47913.78219,47931.11443,47948.45295,47960.81727,47973.18478,47985.55548,47997.92937,48010.30645,48013.47472,48016.64319,48019.81187,48022.98076,48026.14986
Sri Lanka,21556,21580.77549,21605.57947,21630.41194,21655.27297,21680.16256,21697.04677,21713.94413,21730.85464,21747.77833,21764.71519,21776.4989,21788.28899,21800.08546,21811.88832,21823.69757,21832.11502,21840.53572,21848.95967,21857.38686,21865.81731,21870.10133,21874.38619,21878.67189,21882.95843,21887.24581,21885.80106,21884.35641,21882.91185,21881.46739,21880.02302,21872.44729,21864.87418,21857.30369,21849.73582,21842.17058
Sudan,47940,48154.00261,48368.96052,48584.878,48801.75932,49019.6088,49217.80356,49416.79966,49616.60033,49817.20883,50018.62843,50206.77821,50395.63573,50585.20366,50775.48467,50966.48144,51143.42734,51320.98756,51499.16424,51677.95951,51857.37553,52022.67679,52188.50497,52354.86175,52521.74881,52689.16784,52843.17109,52997.62448,53152.52931,53307.88691,53463.6986,53605.79625,53748.27157,53891.12557,54034.35925,54177.97362
Suriname,544,544.8070737,545.6153448,546.424815,547.2354862,548.04736,548.7339848,549.4214699,550.1098163,550.7990251,551.4890974,552.036191,552.5838274,553.132007,553.6807305,554.2299982,554.5964137,554.9630714,555.3299715,555.6971141,556.0644995,556.2423264,556.4202101,556.5981508,556.7761483,556.9542027,556.9686828,556.9831632,556.997644,557.0121252,557.0266068,556.909582,556.7925819,556.6756063,556.5586553,556.4417288
Swaziland,1255,1257.738978,1260.483935,1263.234882,1265.991832,1268.7548,1271.090841,1273.431183,1275.775834,1278.124801,1280.478094,1282.530513,1284.586222,1286.645225,1288.707529,1290.773138,1292.690684,1294.611079,1296.534327,1298.460432,1300.389398,1302.243659,1304.100565,1305.960118,1307.822322,1309.687182,1311.481768,1313.278812,1315.078319,1316.880292,1318.684733,1320.326359,1321.970029,1323.615745,1325.26351,1326.913326
Sweden,9596,9606.819056,9617.650311,9628.493777,9639.349469,9650.2174,9660.040603,9669.873805,9679.717016,9689.570248,9699.433509,9706.948615,9714.469543,9721.996299,9729.528887,9737.067311,9742.533402,9748.002562,9753.474792,9758.950094,9764.42847,9769.208358,9773.990586,9778.775154,9783.562065,9788.35132,9793.142918,9797.936863,9802.733154,9807.531792,9812.33278,9816.979423,9821.628266,9826.279311,9830.932558,9835.588009
Switzerland,7788,7793.02456,7798.052363,7803.083408,7808.1177,7813.15524,7816.995535,7820.837718,7824.68179,7828.527751,7832.375602,7834.457906,7836.540764,7838.624176,7840.708142,7842.792661,7842.510301,7842.22795,7841.945609,7841.663279,7841.380959,7839.482425,7837.584352,7835.686738,7833.789583,7831.892888,7828.930192,7825.968616,7823.008161,7820.048826,7817.09061,7813.475773,7809.862607,7806.251112,7802.641287,7799.033131
Syrian Arab Republic,21823,21894.11445,21965.46063,22037.03932,22108.85125,22180.8972,22248.88502,22317.08124,22385.48648,22454.1014,22522.92663,22584.52681,22646.29546,22708.23304,22770.34003,22832.61688,22885.25396,22938.0124,22990.89246,23043.89442,23097.01858,23139.7284,23182.5172,23225.38512,23268.33231,23311.35891,23345.619,23379.92945,23414.29032,23448.70169,23483.16363,23511.04232,23538.95411,23566.89903,23594.87713,23622.88845
Tajikistan,7290,7311.177975,7332.417473,7353.718674,7375.081756,7396.5069,7416.136315,7435.817825,7455.551567,7475.337679,7495.176302,7512.410719,7529.684765,7546.998531,7564.352108,7581.745588,7596.969129,7612.223238,7627.507975,7642.823404,7658.169584,7672.163431,7686.18285,7700.227886,7714.298587,7728.394999,7741.35065,7754.328019,7767.327142,7780.348058,7793.390801,7804.906524,7816.439263,7827.989043,7839.555889,7851.139827
Thailand,70572,71004.2196,71439.08634,71876.61643,72316.82618,72759.732,73187.59074,73617.96547,74050.871,74486.32219,74924.33403,75350.8643,75779.82274,76211.22315,76645.07944,77081.4056,77507.5526,77936.05557,78366.92753,78800.18158,79235.83089,79659.15682,80084.74441,80512.60575,80942.75298,81375.19832,81789.87009,82206.65493,82625.56363,83046.607,83469.79593,83870.42624,84272.97946,84677.46482,85083.89159,85492.26908
Togo,6543,6547.443201,6551.88942,6556.338658,6560.790917,6565.2462,6568.119262,6570.993582,6573.869159,6576.745995,6579.624089,6581.202442,6582.781173,6584.360282,6585.939771,6587.519638,6587.730425,6587.941219,6588.15202,6588.362827,6588.573641,6587.189459,6585.805568,6584.421968,6583.038658,6581.655639,6578.704412,6575.754508,6572.805927,6569.858668,6566.91273,6562.704516,6558.498999,6554.296176,6550.096047,6545.89861
Trinidad and Tobago,1360,1365.150599,1370.320705,1375.510391,1380.719731,1385.9488,1390.779685,1395.62741,1400.492031,1405.373609,1410.272201,1414.762034,1419.266161,1423.784628,1428.317479,1432.864762,1437.001842,1441.150868,1445.311872,1449.484891,1453.669958,1457.455895,1461.251691,1465.057373,1468.872967,1472.698498,1476.131515,1479.572535,1483.021576,1486.478658,1489.943798,1493.00347,1496.069425,1499.141676,1502.220236,1505.305118
Tunisia,10922,10925.18736,10928.37566,10931.56488,10934.75503,10937.94612,10936.74268,10935.53937,10934.3362,10933.13316,10931.93025,10927.18167,10922.43515,10917.69069,10912.9483,10908.20796,10904.21263,10900.21876,10896.22636,10892.23542,10888.24594,10884.01802,10879.79174,10875.5671,10871.3441,10867.12274,10861.48773,10855.85564,10850.22648,10844.60023,10838.9769,10831.11809,10823.26498,10815.41756,10807.57584,10799.7398
Turkey,76190,76322.56563,76455.36191,76588.38924,76721.64804,76855.1387,76960.60154,77066.20909,77171.96156,77277.85915,77383.90205,77458.5109,77533.19168,77607.94446,77682.76931,77757.6663,77805.97152,77854.30674,77902.67199,77951.06728,77999.49264,78031.75773,78064.03616,78096.32795,78128.63309,78160.95159,78182.35597,78203.7662,78225.1823,78246.60427,78268.0321,78275.54439,78283.0574,78290.57113,78298.08558,78305.60075
Turkmenistan,5301,5311.044366,5321.107763,5331.190229,5341.291799,5351.41251,5359.78797,5368.176538,5376.578235,5384.993082,5393.421098,5400.189015,5406.965425,5413.750338,5420.543765,5427.345717,5432.545994,5437.751253,5442.961501,5448.17674,5453.396976,5457.122008,5460.849583,5464.579705,5468.312375,5472.047594,5474.333,5476.619361,5478.906676,5481.194947,5483.484173,5484.36125,5485.238467,5486.115825,5486.993323,5487.870961
Uganda,37924,38008.94759,38094.08546,38179.41403,38264.93374,38350.645,38421.94172,38493.37098,38564.93304,38636.62814,38708.45652,38764.34474,38820.31366,38876.36339,38932.49405,38988.70574,39031.80982,39074.96154,39118.16098,39161.40817,39204.70317,39238.12695,39271.57922,39305.06002,39338.56935,39372.10726,39396.5663,39421.04054,39445.52998,39470.03463,39494.55451,39509.47218,39524.39548,39539.32442,39554.259,39569.19922
Ukraine,44457,44719.90282,44984.36035,45250.38179,45517.97639,45787.15344,46043.51349,46301.30889,46560.54767,46821.23792,47083.38775,47333.46082,47584.86209,47837.59862,48091.67751,48347.10588,48589.49301,48833.09533,49077.91895,49323.96999,49571.2546,49803.24757,50036.32627,50270.49577,50505.76118,50742.12764,50961.65849,51182.13912,51403.57364,51625.96617,51849.32086,52055.99719,52263.49735,52471.82462,52680.98231,52890.97372
United Arab Emirates,8279,8270.055934,8261.12153,8252.196778,8243.281669,8234.37619,8224.818621,8215.272146,8205.736751,8196.212424,8186.699152,8176.308448,8165.930932,8155.566588,8145.215398,8134.877346,8124.487004,8114.109933,8103.746116,8093.395537,8083.058178,8073.465093,8063.883394,8054.313067,8044.754098,8035.206473,8026.348236,8017.499765,8008.661049,7999.832077,7991.012838,7982.315687,7973.628002,7964.949772,7956.280988,7947.621638
United Kingdom,63555,63785.17535,64016.18432,64248.02993,64480.71521,64714.2432,64901.73099,65089.76196,65278.33768,65467.45974,65657.12972,65816.81709,65976.89284,66137.35792,66298.21327,66459.45985,66595.41024,66731.63873,66868.14589,67004.93229,67141.9985,67254.9535,67368.09853,67481.4339,67594.95994,67708.67697,67795.79668,67883.02849,67970.37254,68057.82897,68145.39794,68203.49496,68261.64151,68319.83764,68378.08338,68436.37878
United Republic of Tanzania,50704,50762.27689,50820.62077,50879.0317,50937.50976,50996.05504,51051.11375,51106.23191,51161.40958,51216.64682,51271.9437,51323.01127,51374.1297,51425.29905,51476.51937,51527.7907,51564.8374,51601.91073,51639.01072,51676.13739,51713.29074,51740.9794,51768.68288,51796.4012,51824.13436,51851.88236,51873.22776,51894.58194,51915.94491,51937.31668,51958.69724,51974.58688,51990.48138,52006.38074,52022.28496,52038.19405
United States of America,321199,321711.2817,322224.3805,322738.2976,323253.0343,323768.592,324244.4262,324720.9597,325198.1936,325676.1289,326154.7665,326590.6473,327027.1106,327464.1572,327901.7879,328340.0035,328739.6044,329139.6917,329540.2659,329941.3276,330342.8775,330711.3778,331080.2891,331449.612,331819.3469,332189.4942,332530.9467,332872.7502,333214.905,333557.4115,333900.2701,334222.8616,334545.7648,334868.9799,335192.5074,335516.3474
Uruguay,3416,3418.63309,3421.268209,3423.905359,3426.544543,3429.18576,3431.459722,3433.735191,3436.012169,3438.290658,3440.570657,3442.419695,3444.269727,3446.120754,3447.972775,3449.825792,3451.190842,3452.556433,3453.922563,3455.289235,3456.656447,3457.492553,3458.328862,3459.165372,3460.002086,3460.839001,3461.15734,3461.475708,3461.794105,3462.112531,3462.430987,3462.271701,3462.112421,3461.95315,3461.793885,3461.634628
Uzbekistan,28725,28790.59489,28856.33956,28922.23437,28988.27965,29054.47575,29108.20179,29162.02719,29215.95211,29269.97675,29324.10128,29364.69062,29405.33613,29446.03791,29486.79602,29527.61055,29556.78517,29585.98863,29615.22093,29644.48212,29673.77222,29694.98828,29716.21951,29737.46592,29758.72752,29780.00432,29794.22558,29808.45362,29822.68846,29836.9301,29851.17853,29857.56395,29863.95074,29870.33889,29876.72841,29883.1193
Venezuela (Bolivarian Republic of),30787,30867.24256,30947.69427,31028.35566,31109.22729,31190.3097,31260.73061,31331.31052,31402.04978,31472.94876,31544.00781,31605.02972,31666.16968,31727.42792,31788.80466,31850.30013,31902.11098,31954.00612,32005.98567,32058.04978,32110.19858,32153.11139,32196.08155,32239.10914,32282.19424,32325.33691,32359.78686,32394.27353,32428.79695,32463.35716,32497.95421,32524.49415,32551.05577,32577.63907,32604.24409,32630.87084
Viet Nam,91561,91712.30723,91863.8645,92015.67223,92167.73082,92320.04069,92432.21358,92544.52276,92656.96841,92769.55068,92882.26974,92961.64119,93041.08047,93120.58764,93200.16275,93279.80585,93336.26503,93392.75838,93449.28592,93505.84767,93562.44366,93599.09142,93635.75353,93672.43001,93709.12084,93745.82605,93758.38463,93770.94489,93783.50683,93796.07045,93808.63576,93793.05835,93777.48353,93761.9113,93746.34165,93730.77459
Yemen,27163,27314.97807,27467.80645,27621.48992,27776.03326,27931.44127,28074.92373,28219.14326,28364.10363,28509.80866,28656.26217,28791.55439,28927.48534,29064.05806,29201.27556,29339.1409,29468.2651,29597.95758,29728.22086,29859.05743,29990.46983,30114.14594,30238.33208,30363.03034,30488.24284,30613.97169,30730.81767,30848.10963,30965.84925,31084.03826,31202.67837,31310.88502,31419.46692,31528.42537,31637.76167,31747.47713
Zambia,14767,14861.30085,14956.20389,15051.71297,15147.83197,15244.56478,15339.32858,15434.68145,15530.62705,15627.16908,15724.31123,15820.46163,15917.19997,16014.52984,16112.45486,16210.97867,16309.85179,16409.32795,16509.41083,16610.10413,16711.41158,16813.72833,16916.67152,17020.24499,17124.4526,17229.29822,17333.44046,17438.21219,17543.61721,17649.65935,17756.34246,17859.75133,17963.76244,18068.37928,18173.60538,18279.4443
Zimbabwe,13666,13722.67911,13779.59329,13836.74353,13894.13079,13951.75606,13990.32807,14029.00673,14067.79231,14106.68513,14145.68547,14177.39903,14209.1837,14241.03962,14272.96697,14304.96589,14331.55989,14358.20333,14384.89631,14411.6389,14438.43122,14462.06165,14485.73075,14509.43859,14533.18523,14556.97074,14578.50945,14600.08003,14621.68253,14643.31699,14664.98346,14683.53168,14702.10336,14720.69853,14739.31722,14757.95946
